inventory_id,product_id,location_id,location_type,quantity_on_hand,quantity_reserved,minimum_stock_level,maximum_stock_level,reorder_point,last_updated
INV000001,PR0362,ST015,FRESH,424,320,25,891,25,2025-08-28 10:46:24
INV000002,PR0228,ST020,FRESH,108,74,37,785,9,2025-09-09 10:46:24
INV000003,PR0083,ST001,SUPERMARKET,283,115,39,439,29,2025-09-28 10:46:24
INV000004,PR0458,ST008,SUPERMARKET,195,86,35,270,9,2025-10-06 10:46:24
INV000005,PR0199,ST015,FRESH,123,16,35,869,13,2025-07-25 10:46:24
INV000006,PR0380,ST002,FRESH,345,269,12,959,27,2025-08-11 10:46:24
INV000007,PR0326,ST014,METRO,389,25,21,208,19,2025-07-19 10:46:24
INV000008,PR0011,ST015,FRESH,251,35,46,907,22,2025-09-22 10:46:24
INV000009,PR0207,ST023,FRESH,49,9,21,487,26,2025-10-11 10:46:24
INV000010,PR0136,ST017,METRO,227,222,46,782,15,2025-08-18 10:46:24
INV000011,PR0403,ST024,FRESH,1,0,32,428,8,2025-07-31 10:46:24
INV000012,PR0444,ST022,METRO,412,120,31,944,16,2025-10-12 10:46:24
INV000013,PR0276,ST006,METRO,331,231,14,698,21,2025-07-26 10:46:24
INV000014,PR0062,ST002,FRESH,364,256,43,595,7,2025-08-11 10:46:24
INV000015,PR0278,ST006,METRO,373,70,34,883,17,2025-10-10 10:46:24
INV000016,PR0388,ST019,SUPERMARKET,326,269,32,598,18,2025-09-16 10:46:24
INV000017,PR0216,ST023,FRESH,420,191,37,872,11,2025-08-07 10:46:24
INV000018,PR0465,ST012,SUPERMARKET,88,62,28,232,21,2025-08-30 10:46:24
INV000019,PR0282,ST016,FRESH,432,376,47,569,23,2025-08-26 10:46:24
INV000020,PR0279,ST023,FRESH,393,30,45,599,17,2025-08-26 10:46:24
INV000021,PR0311,ST022,METRO,406,153,33,839,27,2025-09-08 10:46:24
INV000022,PR0209,ST022,METRO,497,430,42,663,13,2025-10-06 10:46:24
INV000023,PR0008,ST020,FRESH,304,107,47,314,23,2025-10-14 10:46:24
INV000024,PR0286,ST004,SUPERMARKET,289,262,27,610,8,2025-10-16 10:46:24
INV000025,PR0056,ST002,FRESH,383,287,43,627,28,2025-08-13 10:46:24
INV000026,PR0154,ST018,METRO,215,65,37,345,8,2025-08-28 10:46:24
INV000027,PR0450,ST014,METRO,145,53,49,674,8,2025-08-22 10:46:24
INV000028,PR0211,ST012,SUPERMARKET,353,51,49,981,15,2025-08-18 10:46:24
INV000029,PR0142,ST021,SUPERMARKET,17,8,42,482,29,2025-09-30 10:46:24
INV000030,PR0490,ST014,METRO,283,240,15,410,26,2025-08-26 10:46:24
INV000031,PR0297,ST022,METRO,9,6,22,776,22,2025-10-16 10:46:24
INV000032,PR0086,ST002,FRESH,66,8,22,551,8,2025-09-01 10:46:24
INV000033,PR0368,ST001,SUPERMARKET,113,86,34,749,7,2025-09-12 10:46:24
INV000034,PR0289,ST013,METRO,427,210,35,946,5,2025-08-15 10:46:24
INV000035,PR0237,ST008,SUPERMARKET,70,52,41,581,16,2025-09-09 10:46:24
INV000036,PR0361,ST009,METRO,293,234,15,298,29,2025-07-31 10:46:24
INV000037,PR0144,ST025,FRESH,319,174,35,426,23,2025-09-05 10:46:24
INV000038,PR0362,ST007,FRESH,483,224,45,800,30,2025-10-10 10:46:24
INV000039,PR0410,ST014,METRO,251,101,35,231,7,2025-09-06 10:46:24
INV000040,PR0405,ST003,SUPERMARKET,361,16,49,960,27,2025-10-03 10:46:24
INV000041,PR0003,ST011,FRESH,230,186,46,266,12,2025-10-08 10:46:24
INV000042,PR0215,ST020,FRESH,482,383,42,539,25,2025-09-27 10:46:24
INV000043,PR0352,ST015,FRESH,203,141,26,572,11,2025-08-13 10:46:24
INV000044,PR0172,ST002,FRESH,324,164,17,967,14,2025-07-21 10:46:24
INV000045,PR0166,ST011,FRESH,63,44,25,995,30,2025-10-03 10:46:24
INV000046,PR0256,ST008,SUPERMARKET,42,24,15,798,22,2025-09-29 10:46:24
INV000047,PR0032,ST010,FRESH,164,23,26,683,21,2025-09-25 10:46:24
INV000048,PR0156,ST013,METRO,272,147,22,531,30,2025-09-05 10:46:24
INV000049,PR0375,ST016,FRESH,75,52,13,537,23,2025-09-22 10:46:24
INV000050,PR0311,ST008,SUPERMARKET,490,248,11,688,8,2025-07-20 10:46:24
INV000051,PR0466,ST024,FRESH,93,81,33,846,24,2025-10-05 10:46:24
INV000052,PR0183,ST018,METRO,97,47,41,257,5,2025-07-19 10:46:24
INV000053,PR0010,ST022,METRO,202,171,46,220,20,2025-08-21 10:46:24
INV000054,PR0116,ST008,SUPERMARKET,375,83,29,710,9,2025-09-29 10:46:24
INV000055,PR0263,ST024,FRESH,17,11,29,836,6,2025-07-25 10:46:24
INV000056,PR0378,ST019,SUPERMARKET,397,157,23,667,22,2025-08-15 10:46:24
INV000057,PR0161,ST016,FRESH,87,77,16,562,20,2025-08-25 10:46:24
INV000058,PR0436,ST020,FRESH,362,342,35,584,9,2025-10-02 10:46:24
INV000059,PR0376,ST003,SUPERMARKET,318,308,29,478,26,2025-09-07 10:46:24
INV000060,PR0293,ST011,FRESH,141,76,10,589,23,2025-09-25 10:46:24
INV000061,PR0030,ST022,METRO,113,83,43,669,11,2025-09-23 10:46:24
INV000062,PR0078,ST012,SUPERMARKET,270,48,22,927,9,2025-09-23 10:46:24
INV000063,PR0160,ST002,FRESH,497,56,24,938,21,2025-08-14 10:46:24
INV000064,PR0321,ST018,METRO,71,57,38,853,25,2025-07-23 10:46:24
INV000065,PR0353,ST013,METRO,186,156,22,631,16,2025-09-01 10:46:24
INV000066,PR0217,ST024,FRESH,251,153,12,926,16,2025-08-05 10:46:24
INV000067,PR0325,ST007,FRESH,69,21,12,565,22,2025-07-28 10:46:24
INV000068,PR0069,ST017,METRO,343,269,14,614,21,2025-07-21 10:46:24
INV000069,PR0189,ST023,FRESH,293,235,32,591,22,2025-10-13 10:46:24
INV000070,PR0437,ST002,FRESH,142,64,44,561,8,2025-10-02 10:46:24
INV000071,PR0255,ST001,SUPERMARKET,31,28,18,595,24,2025-07-19 10:46:24
INV000072,PR0398,ST018,METRO,89,2,42,606,24,2025-10-02 10:46:24
INV000073,PR0200,ST022,METRO,73,23,30,994,21,2025-08-03 10:46:24
INV000074,PR0024,ST003,SUPERMARKET,444,296,45,270,27,2025-09-26 10:46:24
INV000075,PR0019,ST025,FRESH,113,56,25,729,21,2025-08-16 10:46:24
INV000076,PR0341,ST004,SUPERMARKET,486,394,18,962,25,2025-10-05 10:46:24
INV000077,PR0057,ST002,FRESH,210,155,10,981,7,2025-10-04 10:46:24
INV000078,PR0359,ST003,SUPERMARKET,242,115,48,929,7,2025-08-17 10:46:24
INV000079,PR0024,ST025,FRESH,313,276,36,603,30,2025-07-21 10:46:24
INV000080,PR0364,ST007,FRESH,450,279,44,788,24,2025-09-10 10:46:24
INV000081,PR0277,ST009,METRO,69,9,37,414,30,2025-08-14 10:46:24
INV000082,PR0223,ST016,FRESH,160,83,12,864,5,2025-09-14 10:46:24
INV000083,PR0427,ST017,METRO,8,6,27,930,9,2025-09-03 10:46:24
INV000084,PR0307,ST022,METRO,214,87,49,816,8,2025-09-30 10:46:24
INV000085,PR0252,ST015,FRESH,117,12,50,395,26,2025-09-10 10:46:24
INV000086,PR0130,ST011,FRESH,149,105,36,557,29,2025-07-29 10:46:24
INV000087,PR0409,ST004,SUPERMARKET,458,202,44,205,30,2025-07-22 10:46:24
INV000088,PR0168,ST008,SUPERMARKET,322,153,28,611,14,2025-07-31 10:46:24
INV000089,PR0074,ST015,FRESH,382,45,47,441,22,2025-07-31 10:46:24
INV000090,PR0087,ST014,METRO,297,35,21,693,14,2025-09-23 10:46:24
INV000091,PR0378,ST010,FRESH,336,11,21,894,27,2025-08-02 10:46:24
INV000092,PR0363,ST021,SUPERMARKET,94,6,31,776,17,2025-09-13 10:46:24
INV000093,PR0144,ST003,SUPERMARKET,424,131,25,220,7,2025-07-21 10:46:24
INV000094,PR0040,ST018,METRO,109,37,22,537,29,2025-10-16 10:46:24
INV000095,PR0154,ST020,FRESH,227,26,42,603,27,2025-10-10 10:46:24
INV000096,PR0035,ST015,FRESH,308,42,41,434,7,2025-10-03 10:46:24
INV000097,PR0482,ST003,SUPERMARKET,374,210,36,453,7,2025-08-02 10:46:24
INV000098,PR0119,ST024,FRESH,325,244,22,977,26,2025-09-08 10:46:24
INV000099,PR0392,ST018,METRO,333,37,44,402,6,2025-08-12 10:46:24
INV000100,PR0372,ST005,METRO,419,277,35,331,25,2025-09-06 10:46:24
INV000101,PR0340,ST012,SUPERMARKET,10,5,32,333,15,2025-08-07 10:46:24
INV000102,PR0479,ST012,SUPERMARKET,203,30,24,364,17,2025-09-10 10:46:24
INV000103,PR0381,ST006,METRO,68,27,14,950,13,2025-09-12 10:46:24
INV000104,PR0214,ST023,FRESH,226,180,14,479,6,2025-09-10 10:46:24
INV000105,PR0076,ST011,FRESH,153,118,30,538,6,2025-09-14 10:46:24
INV000106,PR0276,ST020,FRESH,208,44,30,704,14,2025-10-10 10:46:24
INV000107,PR0063,ST008,SUPERMARKET,90,18,12,910,7,2025-09-21 10:46:24
INV000108,PR0338,ST015,FRESH,434,216,17,323,27,2025-10-08 10:46:24
INV000109,PR0075,ST015,FRESH,32,5,19,576,11,2025-08-10 10:46:24
INV000110,PR0098,ST017,METRO,157,50,13,627,30,2025-09-05 10:46:24
INV000111,PR0240,ST001,SUPERMARKET,9,4,49,698,30,2025-08-03 10:46:24
INV000112,PR0170,ST018,METRO,457,19,31,966,26,2025-10-01 10:46:24
INV000113,PR0062,ST014,METRO,421,294,22,749,19,2025-07-28 10:46:24
INV000114,PR0099,ST006,METRO,99,34,35,926,12,2025-08-12 10:46:24
INV000115,PR0250,ST005,METRO,383,123,50,539,19,2025-10-09 10:46:24
INV000116,PR0363,ST015,FRESH,434,142,21,337,5,2025-10-07 10:46:24
INV000117,PR0343,ST002,FRESH,331,244,37,661,28,2025-10-14 10:46:24
INV000118,PR0128,ST003,SUPERMARKET,150,0,46,403,27,2025-09-06 10:46:24
INV000119,PR0072,ST024,FRESH,30,4,38,472,13,2025-09-30 10:46:24
INV000120,PR0178,ST012,SUPERMARKET,170,122,15,535,21,2025-08-27 10:46:24
INV000121,PR0029,ST004,SUPERMARKET,17,2,48,441,26,2025-09-12 10:46:24
INV000122,PR0477,ST003,SUPERMARKET,158,49,18,569,21,2025-09-19 10:46:24
INV000123,PR0369,ST012,SUPERMARKET,362,183,18,470,14,2025-08-13 10:46:24
INV000124,PR0456,ST017,METRO,114,55,34,599,13,2025-09-22 10:46:24
INV000125,PR0345,ST019,SUPERMARKET,32,30,14,659,30,2025-09-18 10:46:24
INV000126,PR0418,ST019,SUPERMARKET,6,3,22,559,20,2025-10-06 10:46:24
INV000127,PR0241,ST002,FRESH,234,25,26,507,28,2025-09-08 10:46:24
INV000128,PR0452,ST016,FRESH,219,208,28,343,21,2025-08-05 10:46:24
INV000129,PR0089,ST001,SUPERMARKET,36,18,34,518,8,2025-10-04 10:46:24
INV000130,PR0054,ST013,METRO,12,0,31,754,8,2025-07-19 10:46:24
INV000131,PR0439,ST007,FRESH,192,192,46,677,25,2025-09-23 10:46:24
INV000132,PR0351,ST005,METRO,303,39,21,538,11,2025-08-16 10:46:24
INV000133,PR0281,ST017,METRO,230,29,27,856,5,2025-10-12 10:46:24
INV000134,PR0192,ST023,FRESH,493,459,46,574,6,2025-09-21 10:46:24
INV000135,PR0479,ST024,FRESH,25,7,25,243,17,2025-08-16 10:46:24
INV000136,PR0314,ST017,METRO,436,326,40,597,30,2025-08-27 10:46:24
INV000137,PR0458,ST002,FRESH,93,11,21,406,16,2025-09-10 10:46:24
INV000138,PR0036,ST020,FRESH,446,180,31,441,5,2025-07-29 10:46:24
INV000139,PR0023,ST024,FRESH,235,24,27,789,13,2025-08-27 10:46:24
INV000140,PR0201,ST007,FRESH,312,85,32,272,8,2025-09-09 10:46:24
INV000141,PR0447,ST008,SUPERMARKET,448,397,22,229,26,2025-09-24 10:46:24
INV000142,PR0232,ST013,METRO,230,89,23,519,26,2025-09-28 10:46:24
INV000143,PR0394,ST008,SUPERMARKET,418,399,22,238,18,2025-10-06 10:46:24
INV000144,PR0470,ST003,SUPERMARKET,210,34,17,989,28,2025-07-22 10:46:24
INV000145,PR0444,ST008,SUPERMARKET,256,67,35,284,5,2025-09-01 10:46:24
INV000146,PR0027,ST013,METRO,260,196,16,795,25,2025-10-08 10:46:24
INV000147,PR0260,ST006,METRO,0,0,35,491,28,2025-09-03 10:46:24
INV000148,PR0287,ST014,METRO,500,319,22,874,18,2025-08-19 10:46:24
INV000149,PR0409,ST016,FRESH,195,37,22,486,12,2025-09-22 10:46:24
INV000150,PR0243,ST019,SUPERMARKET,38,22,25,955,28,2025-08-06 10:46:24
INV000151,PR0070,ST024,FRESH,413,119,10,876,25,2025-09-20 10:46:24
INV000152,PR0492,ST008,SUPERMARKET,258,68,25,285,14,2025-09-13 10:46:24
INV000153,PR0348,ST012,SUPERMARKET,228,112,31,255,12,2025-09-20 10:46:24
INV000154,PR0345,ST016,FRESH,261,197,45,493,23,2025-09-20 10:46:24
INV000155,PR0183,ST007,FRESH,205,139,25,456,12,2025-09-28 10:46:24
INV000156,PR0140,ST022,METRO,369,136,34,374,17,2025-08-19 10:46:24
INV000157,PR0445,ST020,FRESH,335,243,35,926,22,2025-10-17 10:46:24
INV000158,PR0289,ST011,FRESH,268,255,38,728,20,2025-09-28 10:46:24
INV000159,PR0046,ST016,FRESH,377,265,17,601,26,2025-09-12 10:46:24
INV000160,PR0065,ST003,SUPERMARKET,477,153,16,427,12,2025-10-03 10:46:24
INV000161,PR0101,ST019,SUPERMARKET,239,101,20,215,19,2025-09-02 10:46:24
INV000162,PR0044,ST022,METRO,324,181,28,746,8,2025-08-31 10:46:24
INV000163,PR0472,ST009,METRO,483,352,18,539,7,2025-07-27 10:46:24
INV000164,PR0208,ST009,METRO,220,83,30,749,28,2025-08-02 10:46:24
INV000165,PR0115,ST004,SUPERMARKET,342,112,44,447,10,2025-10-10 10:46:24
INV000166,PR0177,ST020,FRESH,293,202,41,882,21,2025-07-23 10:46:24
INV000167,PR0056,ST017,METRO,112,47,49,686,29,2025-10-15 10:46:24
INV000168,PR0289,ST006,METRO,384,373,41,788,18,2025-07-22 10:46:24
INV000169,PR0494,ST008,SUPERMARKET,424,399,21,517,10,2025-08-09 10:46:24
INV000170,PR0292,ST025,FRESH,167,74,29,540,7,2025-10-08 10:46:24
INV000171,PR0018,ST025,FRESH,234,91,11,734,13,2025-09-10 10:46:24
INV000172,PR0224,ST001,SUPERMARKET,195,122,42,869,19,2025-08-28 10:46:24
INV000173,PR0169,ST006,METRO,291,21,42,535,11,2025-08-27 10:46:24
INV000174,PR0365,ST011,FRESH,16,16,26,672,13,2025-08-28 10:46:24
INV000175,PR0099,ST020,FRESH,224,165,42,787,9,2025-08-06 10:46:24
INV000176,PR0175,ST006,METRO,275,243,22,946,22,2025-09-04 10:46:24
INV000177,PR0263,ST017,METRO,30,26,13,932,21,2025-08-29 10:46:24
INV000178,PR0410,ST013,METRO,337,284,20,291,24,2025-09-07 10:46:24
INV000179,PR0341,ST021,SUPERMARKET,73,30,31,647,21,2025-07-29 10:46:24
INV000180,PR0324,ST004,SUPERMARKET,72,62,21,738,17,2025-08-20 10:46:24
INV000181,PR0416,ST015,FRESH,191,141,35,271,16,2025-08-22 10:46:24
INV000182,PR0280,ST018,METRO,3,3,12,438,20,2025-09-30 10:46:24
INV000183,PR0087,ST019,SUPERMARKET,153,26,41,974,23,2025-09-30 10:46:24
INV000184,PR0229,ST023,FRESH,427,298,30,670,24,2025-09-15 10:46:24
INV000185,PR0211,ST004,SUPERMARKET,274,57,23,938,15,2025-07-24 10:46:24
INV000186,PR0345,ST014,METRO,420,75,34,567,9,2025-09-03 10:46:24
INV000187,PR0054,ST023,FRESH,368,367,15,550,30,2025-09-30 10:46:24
INV000188,PR0216,ST011,FRESH,496,386,33,679,22,2025-08-28 10:46:24
INV000189,PR0402,ST011,FRESH,379,328,28,668,25,2025-09-27 10:46:24
INV000190,PR0285,ST021,SUPERMARKET,310,178,27,627,11,2025-09-24 10:46:24
INV000191,PR0325,ST011,FRESH,141,0,38,742,15,2025-07-21 10:46:24
INV000192,PR0301,ST012,SUPERMARKET,16,5,43,265,20,2025-10-05 10:46:24
INV000193,PR0420,ST001,SUPERMARKET,403,14,31,387,15,2025-10-14 10:46:24
INV000194,PR0432,ST016,FRESH,496,288,40,395,12,2025-09-16 10:46:24
INV000195,PR0340,ST010,FRESH,244,207,26,810,16,2025-09-08 10:46:24
INV000196,PR0219,ST020,FRESH,351,242,40,904,24,2025-09-25 10:46:24
INV000197,PR0203,ST023,FRESH,95,10,38,643,21,2025-09-25 10:46:24
INV000198,PR0038,ST005,METRO,369,170,23,901,23,2025-08-26 10:46:24
INV000199,PR0085,ST010,FRESH,396,244,11,840,8,2025-10-08 10:46:24
INV000200,PR0049,ST004,SUPERMARKET,368,147,43,656,18,2025-09-22 10:46:24
INV000201,PR0196,ST025,FRESH,424,239,16,339,19,2025-09-10 10:46:24
INV000202,PR0352,ST013,METRO,256,144,23,585,24,2025-08-18 10:46:24
INV000203,PR0204,ST013,METRO,483,140,28,877,5,2025-09-01 10:46:24
INV000204,PR0441,ST023,FRESH,264,112,44,486,21,2025-09-13 10:46:24
INV000205,PR0085,ST003,SUPERMARKET,20,8,47,796,8,2025-09-04 10:46:24
INV000206,PR0301,ST025,FRESH,238,64,22,599,6,2025-10-04 10:46:24
INV000207,PR0177,ST020,FRESH,467,462,46,496,22,2025-09-22 10:46:24
INV000208,PR0446,ST012,SUPERMARKET,379,275,39,206,27,2025-08-03 10:46:24
INV000209,PR0467,ST019,SUPERMARKET,144,44,14,387,30,2025-10-06 10:46:24
INV000210,PR0260,ST019,SUPERMARKET,312,169,27,250,14,2025-09-29 10:46:24
INV000211,PR0115,ST007,FRESH,214,19,33,385,30,2025-08-18 10:46:24
INV000212,PR0053,ST002,FRESH,223,95,42,328,15,2025-08-14 10:46:24
INV000213,PR0202,ST011,FRESH,81,18,29,481,21,2025-08-28 10:46:24
INV000214,PR0216,ST001,SUPERMARKET,33,25,27,866,16,2025-07-29 10:46:24
INV000215,PR0080,ST013,METRO,471,73,32,973,13,2025-07-27 10:46:24
INV000216,PR0144,ST007,FRESH,353,277,30,434,6,2025-09-27 10:46:24
INV000217,PR0090,ST023,FRESH,49,28,44,398,5,2025-10-03 10:46:24
INV000218,PR0246,ST003,SUPERMARKET,26,8,10,348,22,2025-08-30 10:46:24
INV000219,PR0493,ST012,SUPERMARKET,180,19,30,231,7,2025-07-29 10:46:24
INV000220,PR0318,ST024,FRESH,197,36,15,431,20,2025-08-19 10:46:24
INV000221,PR0099,ST007,FRESH,440,320,25,935,6,2025-10-06 10:46:24
INV000222,PR0012,ST013,METRO,185,156,16,824,26,2025-07-22 10:46:24
INV000223,PR0071,ST008,SUPERMARKET,238,170,45,452,16,2025-07-21 10:46:24
INV000224,PR0158,ST007,FRESH,48,5,10,899,14,2025-08-28 10:46:24
INV000225,PR0082,ST023,FRESH,361,200,19,612,20,2025-08-03 10:46:24
INV000226,PR0119,ST014,METRO,454,395,29,689,17,2025-08-29 10:46:24
INV000227,PR0447,ST005,METRO,42,30,47,416,14,2025-10-12 10:46:24
INV000228,PR0347,ST024,FRESH,462,262,17,363,29,2025-08-02 10:46:24
INV000229,PR0063,ST013,METRO,161,121,11,680,12,2025-07-26 10:46:24
INV000230,PR0305,ST009,METRO,483,386,34,503,28,2025-09-17 10:46:24
INV000231,PR0266,ST022,METRO,64,37,35,942,24,2025-07-31 10:46:24
INV000232,PR0271,ST004,SUPERMARKET,447,258,40,695,17,2025-10-16 10:46:24
INV000233,PR0226,ST010,FRESH,232,24,49,250,12,2025-07-26 10:46:24
INV000234,PR0107,ST010,FRESH,241,33,44,933,13,2025-10-14 10:46:24
INV000235,PR0082,ST001,SUPERMARKET,163,24,35,273,24,2025-09-28 10:46:24
INV000236,PR0437,ST014,METRO,341,34,48,830,9,2025-08-14 10:46:24
INV000237,PR0041,ST004,SUPERMARKET,383,188,34,527,30,2025-09-28 10:46:24
INV000238,PR0228,ST022,METRO,468,175,24,822,6,2025-10-09 10:46:24
INV000239,PR0383,ST009,METRO,354,87,13,746,26,2025-10-01 10:46:24
INV000240,PR0184,ST024,FRESH,465,206,40,838,8,2025-07-23 10:46:24
INV000241,PR0156,ST009,METRO,5,0,39,809,23,2025-10-12 10:46:24
INV000242,PR0446,ST015,FRESH,141,52,14,710,7,2025-09-22 10:46:24
INV000243,PR0285,ST020,FRESH,352,98,15,614,9,2025-09-05 10:46:24
INV000244,PR0017,ST013,METRO,326,168,33,360,13,2025-08-19 10:46:24
INV000245,PR0326,ST002,FRESH,136,20,29,674,23,2025-07-28 10:46:24
INV000246,PR0021,ST004,SUPERMARKET,101,14,26,980,27,2025-08-16 10:46:24
INV000247,PR0273,ST019,SUPERMARKET,161,108,37,721,13,2025-07-29 10:46:24
INV000248,PR0135,ST012,SUPERMARKET,369,250,32,775,23,2025-10-11 10:46:24
INV000249,PR0086,ST024,FRESH,498,339,15,504,5,2025-07-31 10:46:24
INV000250,PR0495,ST016,FRESH,419,279,26,969,17,2025-09-29 10:46:24
INV000251,PR0358,ST010,FRESH,78,26,19,728,26,2025-09-18 10:46:24
INV000252,PR0104,ST018,METRO,131,51,29,748,25,2025-09-02 10:46:24
INV000253,PR0248,ST005,METRO,460,381,32,289,8,2025-07-23 10:46:24
INV000254,PR0375,ST001,SUPERMARKET,180,156,28,807,6,2025-09-02 10:46:24
INV000255,PR0114,ST021,SUPERMARKET,28,7,24,848,15,2025-10-08 10:46:24
INV000256,PR0007,ST005,METRO,437,18,42,247,18,2025-08-21 10:46:24
INV000257,PR0077,ST022,METRO,182,85,37,665,5,2025-09-04 10:46:24
INV000258,PR0118,ST011,FRESH,5,3,10,200,6,2025-09-12 10:46:24
INV000259,PR0175,ST021,SUPERMARKET,20,15,40,872,7,2025-08-17 10:46:24
INV000260,PR0075,ST022,METRO,402,273,30,928,29,2025-10-02 10:46:24
INV000261,PR0379,ST020,FRESH,94,18,43,435,10,2025-10-10 10:46:24
INV000262,PR0072,ST021,SUPERMARKET,321,177,12,845,29,2025-10-17 10:46:24
INV000263,PR0360,ST021,SUPERMARKET,418,70,23,645,14,2025-08-08 10:46:24
INV000264,PR0074,ST012,SUPERMARKET,82,82,30,586,18,2025-08-02 10:46:24
INV000265,PR0476,ST001,SUPERMARKET,245,138,41,644,23,2025-10-04 10:46:24
INV000266,PR0157,ST010,FRESH,18,0,25,468,9,2025-09-02 10:46:24
INV000267,PR0262,ST025,FRESH,235,125,18,260,15,2025-09-07 10:46:24
INV000268,PR0102,ST007,FRESH,269,7,43,729,15,2025-09-28 10:46:24
INV000269,PR0410,ST012,SUPERMARKET,109,85,22,311,9,2025-09-18 10:46:24
INV000270,PR0380,ST016,FRESH,36,28,47,424,12,2025-09-10 10:46:24
INV000271,PR0203,ST014,METRO,70,57,15,631,23,2025-09-04 10:46:24
INV000272,PR0480,ST002,FRESH,449,289,13,969,18,2025-09-09 10:46:24
INV000273,PR0179,ST006,METRO,285,91,11,799,19,2025-08-28 10:46:24
INV000274,PR0497,ST023,FRESH,12,12,15,291,18,2025-07-30 10:46:24
INV000275,PR0185,ST020,FRESH,453,313,10,914,10,2025-08-18 10:46:24
INV000276,PR0235,ST020,FRESH,175,68,17,726,11,2025-10-12 10:46:24
INV000277,PR0047,ST006,METRO,225,221,12,750,30,2025-07-21 10:46:24
INV000278,PR0108,ST018,METRO,23,10,35,855,15,2025-07-20 10:46:24
INV000279,PR0338,ST010,FRESH,134,26,48,571,9,2025-07-21 10:46:24
INV000280,PR0275,ST017,METRO,143,27,34,625,28,2025-10-01 10:46:24
INV000281,PR0125,ST011,FRESH,39,18,24,759,30,2025-08-29 10:46:24
INV000282,PR0472,ST017,METRO,473,39,43,795,8,2025-08-14 10:46:24
INV000283,PR0151,ST024,FRESH,145,39,28,202,8,2025-10-17 10:46:24
INV000284,PR0020,ST003,SUPERMARKET,267,170,32,653,23,2025-09-25 10:46:24
INV000285,PR0104,ST002,FRESH,24,12,47,889,10,2025-09-02 10:46:24
INV000286,PR0467,ST012,SUPERMARKET,126,12,50,811,11,2025-07-25 10:46:24
INV000287,PR0399,ST023,FRESH,227,46,10,779,25,2025-10-13 10:46:24
INV000288,PR0089,ST019,SUPERMARKET,187,62,32,839,24,2025-08-25 10:46:24
INV000289,PR0303,ST015,FRESH,468,334,36,404,11,2025-08-18 10:46:24
INV000290,PR0475,ST005,METRO,52,17,10,616,13,2025-07-25 10:46:24
INV000291,PR0024,ST018,METRO,482,52,14,493,7,2025-09-16 10:46:24
INV000292,PR0315,ST016,FRESH,314,148,30,989,12,2025-08-27 10:46:24
INV000293,PR0124,ST020,FRESH,202,23,31,853,11,2025-10-16 10:46:24
INV000294,PR0048,ST001,SUPERMARKET,157,112,12,785,15,2025-08-27 10:46:24
INV000295,PR0366,ST009,METRO,452,218,10,376,10,2025-07-19 10:46:24
INV000296,PR0358,ST013,METRO,298,261,26,437,23,2025-10-17 10:46:24
INV000297,PR0129,ST003,SUPERMARKET,440,10,31,664,5,2025-08-18 10:46:24
INV000298,PR0184,ST014,METRO,323,175,50,795,9,2025-07-26 10:46:24
INV000299,PR0285,ST018,METRO,55,42,45,673,22,2025-07-29 10:46:24
INV000300,PR0380,ST013,METRO,360,277,47,853,22,2025-08-18 10:46:24
INV000301,PR0133,ST001,SUPERMARKET,28,5,12,710,29,2025-09-22 10:46:24
INV000302,PR0185,ST018,METRO,200,116,11,548,6,2025-08-04 10:46:24
INV000303,PR0423,ST020,FRESH,329,319,29,644,25,2025-10-01 10:46:24
INV000304,PR0161,ST024,FRESH,347,124,20,633,24,2025-10-09 10:46:24
INV000305,PR0012,ST016,FRESH,435,11,43,872,11,2025-09-05 10:46:24
INV000306,PR0269,ST007,FRESH,465,243,28,625,10,2025-07-26 10:46:24
INV000307,PR0401,ST009,METRO,107,86,12,284,6,2025-07-20 10:46:24
INV000308,PR0464,ST005,METRO,90,79,27,312,13,2025-10-02 10:46:24
INV000309,PR0269,ST021,SUPERMARKET,364,57,11,554,14,2025-08-14 10:46:24
INV000310,PR0129,ST014,METRO,175,104,50,431,10,2025-08-04 10:46:24
INV000311,PR0132,ST015,FRESH,31,28,37,462,12,2025-07-31 10:46:24
INV000312,PR0304,ST008,SUPERMARKET,246,67,29,445,20,2025-10-15 10:46:24
INV000313,PR0326,ST020,FRESH,232,144,19,991,7,2025-07-19 10:46:24
INV000314,PR0239,ST020,FRESH,178,76,40,787,27,2025-08-07 10:46:24
INV000315,PR0177,ST011,FRESH,389,36,29,650,9,2025-09-19 10:46:24
INV000316,PR0103,ST022,METRO,28,11,25,620,6,2025-09-26 10:46:24
INV000317,PR0214,ST017,METRO,363,44,22,649,12,2025-07-19 10:46:24
INV000318,PR0118,ST009,METRO,418,212,15,770,29,2025-09-14 10:46:24
INV000319,PR0026,ST007,FRESH,424,317,27,986,19,2025-09-06 10:46:24
INV000320,PR0180,ST022,METRO,362,86,19,571,28,2025-09-20 10:46:24
INV000321,PR0328,ST012,SUPERMARKET,150,48,47,949,28,2025-08-04 10:46:24
INV000322,PR0132,ST003,SUPERMARKET,327,272,14,688,21,2025-09-25 10:46:24
INV000323,PR0109,ST004,SUPERMARKET,207,61,24,920,22,2025-07-29 10:46:24
INV000324,PR0109,ST010,FRESH,417,229,18,372,24,2025-08-02 10:46:24
INV000325,PR0161,ST023,FRESH,280,242,20,782,10,2025-10-16 10:46:24
INV000326,PR0442,ST009,METRO,182,124,15,594,18,2025-08-28 10:46:24
INV000327,PR0400,ST003,SUPERMARKET,466,423,40,701,16,2025-09-05 10:46:24
INV000328,PR0246,ST012,SUPERMARKET,426,193,42,200,20,2025-08-15 10:46:24
INV000329,PR0326,ST021,SUPERMARKET,4,2,17,412,6,2025-08-21 10:46:24
INV000330,PR0271,ST008,SUPERMARKET,248,211,35,617,27,2025-08-31 10:46:24
INV000331,PR0411,ST023,FRESH,413,59,31,775,10,2025-09-09 10:46:24
INV000332,PR0034,ST019,SUPERMARKET,91,78,19,812,11,2025-07-23 10:46:24
INV000333,PR0453,ST015,FRESH,488,310,37,345,27,2025-09-29 10:46:24
INV000334,PR0180,ST005,METRO,360,123,47,417,16,2025-07-26 10:46:24
INV000335,PR0284,ST023,FRESH,398,72,27,505,7,2025-07-26 10:46:24
INV000336,PR0198,ST005,METRO,312,279,49,523,9,2025-10-12 10:46:24
INV000337,PR0290,ST015,FRESH,186,171,29,521,30,2025-10-10 10:46:24
INV000338,PR0035,ST004,SUPERMARKET,334,275,24,572,18,2025-09-16 10:46:24
INV000339,PR0240,ST023,FRESH,295,52,45,770,8,2025-08-24 10:46:24
INV000340,PR0212,ST006,METRO,285,128,16,915,5,2025-07-25 10:46:24
INV000341,PR0204,ST024,FRESH,454,34,39,867,8,2025-10-03 10:46:24
INV000342,PR0496,ST005,METRO,70,38,31,219,25,2025-08-15 10:46:24
INV000343,PR0332,ST008,SUPERMARKET,344,86,44,651,30,2025-10-13 10:46:24
INV000344,PR0371,ST006,METRO,209,145,20,717,11,2025-08-18 10:46:24
INV000345,PR0059,ST009,METRO,25,6,19,565,17,2025-08-15 10:46:24
INV000346,PR0032,ST011,FRESH,63,22,13,794,16,2025-08-16 10:46:24
INV000347,PR0131,ST004,SUPERMARKET,438,189,30,475,26,2025-09-04 10:46:24
INV000348,PR0012,ST003,SUPERMARKET,393,49,10,805,22,2025-08-11 10:46:24
INV000349,PR0111,ST016,FRESH,32,5,45,637,12,2025-08-20 10:46:24
INV000350,PR0141,ST016,FRESH,124,3,18,207,29,2025-07-29 10:46:24
INV000351,PR0380,ST016,FRESH,399,213,36,700,21,2025-09-21 10:46:24
INV000352,PR0191,ST017,METRO,445,35,14,318,11,2025-09-03 10:46:24
INV000353,PR0423,ST008,SUPERMARKET,84,81,37,961,6,2025-10-02 10:46:24
INV000354,PR0045,ST020,FRESH,77,74,35,534,16,2025-10-09 10:46:24
INV000355,PR0230,ST024,FRESH,378,173,28,825,19,2025-08-05 10:46:24
INV000356,PR0124,ST009,METRO,434,229,23,393,18,2025-08-30 10:46:24
INV000357,PR0113,ST004,SUPERMARKET,240,147,40,905,17,2025-08-16 10:46:24
INV000358,PR0191,ST022,METRO,318,293,25,437,11,2025-08-11 10:46:24
INV000359,PR0312,ST025,FRESH,10,7,23,492,19,2025-09-14 10:46:24
INV000360,PR0437,ST014,METRO,149,116,48,421,22,2025-10-09 10:46:24
INV000361,PR0286,ST001,SUPERMARKET,321,178,31,346,7,2025-09-25 10:46:24
INV000362,PR0439,ST024,FRESH,405,59,14,213,20,2025-10-12 10:46:24
INV000363,PR0464,ST010,FRESH,113,113,33,810,11,2025-09-11 10:46:24
INV000364,PR0477,ST010,FRESH,298,158,14,717,26,2025-08-12 10:46:24
INV000365,PR0172,ST008,SUPERMARKET,296,85,32,648,14,2025-09-07 10:46:24
INV000366,PR0141,ST012,SUPERMARKET,247,198,49,237,9,2025-08-16 10:46:24
INV000367,PR0159,ST002,FRESH,66,11,10,997,14,2025-08-26 10:46:24
INV000368,PR0416,ST020,FRESH,200,178,36,791,6,2025-09-02 10:46:24
INV000369,PR0288,ST015,FRESH,57,25,42,691,18,2025-10-13 10:46:24
INV000370,PR0314,ST009,METRO,98,71,16,875,20,2025-07-23 10:46:24
INV000371,PR0153,ST010,FRESH,431,114,17,384,11,2025-10-14 10:46:24
INV000372,PR0152,ST018,METRO,366,262,32,556,20,2025-08-14 10:46:24
INV000373,PR0123,ST004,SUPERMARKET,344,105,13,420,12,2025-10-04 10:46:24
INV000374,PR0263,ST007,FRESH,14,5,19,339,28,2025-10-04 10:46:24
INV000375,PR0239,ST008,SUPERMARKET,200,82,21,876,22,2025-08-13 10:46:24
INV000376,PR0306,ST020,FRESH,223,197,10,552,20,2025-08-24 10:46:24
INV000377,PR0222,ST013,METRO,198,84,50,830,26,2025-10-14 10:46:24
INV000378,PR0205,ST004,SUPERMARKET,430,279,24,949,17,2025-08-09 10:46:24
INV000379,PR0319,ST006,METRO,169,145,38,251,29,2025-07-22 10:46:24
INV000380,PR0138,ST016,FRESH,152,77,50,692,17,2025-09-03 10:46:24
INV000381,PR0177,ST018,METRO,209,69,25,950,24,2025-08-20 10:46:24
INV000382,PR0291,ST021,SUPERMARKET,104,48,20,568,17,2025-09-01 10:46:24
INV000383,PR0370,ST006,METRO,415,55,22,595,22,2025-09-03 10:46:24
INV000384,PR0374,ST021,SUPERMARKET,481,288,27,844,30,2025-09-12 10:46:24
INV000385,PR0012,ST013,METRO,71,37,27,400,27,2025-09-21 10:46:24
INV000386,PR0424,ST020,FRESH,189,156,41,508,29,2025-10-06 10:46:24
INV000387,PR0024,ST023,FRESH,27,20,39,637,26,2025-08-06 10:46:24
INV000388,PR0157,ST006,METRO,62,4,21,765,23,2025-09-10 10:46:24
INV000389,PR0258,ST013,METRO,456,136,12,926,10,2025-07-28 10:46:24
INV000390,PR0405,ST025,FRESH,340,263,28,633,23,2025-07-29 10:46:24
INV000391,PR0285,ST003,SUPERMARKET,400,367,14,832,17,2025-08-19 10:46:24
INV000392,PR0080,ST009,METRO,207,163,39,702,5,2025-08-13 10:46:24
INV000393,PR0292,ST017,METRO,281,255,25,486,6,2025-08-03 10:46:24
INV000394,PR0071,ST018,METRO,70,37,11,538,26,2025-08-05 10:46:24
INV000395,PR0483,ST022,METRO,325,81,34,347,30,2025-08-30 10:46:24
INV000396,PR0262,ST006,METRO,263,241,45,525,17,2025-09-01 10:46:24
INV000397,PR0438,ST004,SUPERMARKET,349,71,47,717,12,2025-09-21 10:46:24
INV000398,PR0214,ST003,SUPERMARKET,47,30,44,787,30,2025-09-15 10:46:24
INV000399,PR0372,ST019,SUPERMARKET,363,191,50,512,14,2025-07-27 10:46:24
INV000400,PR0399,ST012,SUPERMARKET,453,268,34,780,21,2025-10-02 10:46:24
INV000401,PR0448,ST004,SUPERMARKET,342,89,17,750,25,2025-08-14 10:46:24
INV000402,PR0435,ST001,SUPERMARKET,180,117,11,890,15,2025-08-31 10:46:24
INV000403,PR0208,ST004,SUPERMARKET,454,185,47,813,7,2025-08-07 10:46:24
INV000404,PR0003,ST004,SUPERMARKET,50,0,42,993,19,2025-09-16 10:46:24
INV000405,PR0292,ST020,FRESH,291,285,21,498,24,2025-07-26 10:46:24
INV000406,PR0193,ST020,FRESH,387,326,19,368,29,2025-08-04 10:46:24
INV000407,PR0077,ST009,METRO,315,76,45,827,27,2025-07-26 10:46:24
INV000408,PR0224,ST020,FRESH,127,122,35,720,10,2025-10-06 10:46:24
INV000409,PR0184,ST010,FRESH,208,174,14,320,29,2025-08-22 10:46:24
INV000410,PR0453,ST010,FRESH,132,48,18,517,19,2025-09-09 10:46:24
INV000411,PR0124,ST012,SUPERMARKET,153,21,34,560,28,2025-07-27 10:46:24
INV000412,PR0203,ST022,METRO,107,51,40,308,11,2025-08-07 10:46:24
INV000413,PR0078,ST009,METRO,467,395,32,713,8,2025-09-29 10:46:24
INV000414,PR0426,ST021,SUPERMARKET,337,176,36,632,5,2025-10-11 10:46:24
INV000415,PR0251,ST008,SUPERMARKET,7,6,50,656,7,2025-08-12 10:46:24
INV000416,PR0441,ST012,SUPERMARKET,87,55,35,688,21,2025-09-08 10:46:24
INV000417,PR0277,ST009,METRO,284,22,47,888,10,2025-07-22 10:46:24
INV000418,PR0386,ST019,SUPERMARKET,191,67,37,568,26,2025-08-15 10:46:24
INV000419,PR0432,ST017,METRO,228,58,16,466,21,2025-09-14 10:46:24
INV000420,PR0024,ST006,METRO,471,393,36,840,10,2025-08-26 10:46:24
INV000421,PR0262,ST004,SUPERMARKET,255,165,13,608,25,2025-07-21 10:46:24
INV000422,PR0369,ST005,METRO,152,109,46,703,9,2025-10-01 10:46:24
INV000423,PR0378,ST006,METRO,182,57,50,275,25,2025-07-23 10:46:24
INV000424,PR0214,ST024,FRESH,40,39,26,221,7,2025-09-27 10:46:24
INV000425,PR0242,ST006,METRO,317,211,21,572,10,2025-10-04 10:46:24
INV000426,PR0500,ST010,FRESH,155,66,29,700,13,2025-09-05 10:46:24
INV000427,PR0407,ST001,SUPERMARKET,173,157,48,638,30,2025-08-04 10:46:24
INV000428,PR0088,ST007,FRESH,484,193,30,653,5,2025-07-22 10:46:24
INV000429,PR0363,ST010,FRESH,184,143,35,324,7,2025-08-01 10:46:24
INV000430,PR0269,ST006,METRO,264,48,24,889,21,2025-09-17 10:46:24
INV000431,PR0268,ST016,FRESH,378,292,37,876,27,2025-07-26 10:46:24
INV000432,PR0335,ST018,METRO,452,403,27,987,23,2025-08-29 10:46:24
INV000433,PR0185,ST016,FRESH,38,14,22,565,24,2025-07-21 10:46:24
INV000434,PR0041,ST024,FRESH,330,78,17,586,18,2025-10-03 10:46:24
INV000435,PR0453,ST011,FRESH,486,182,45,806,27,2025-08-22 10:46:24
INV000436,PR0029,ST024,FRESH,265,98,43,451,13,2025-10-06 10:46:24
INV000437,PR0135,ST006,METRO,420,79,23,720,17,2025-09-23 10:46:24
INV000438,PR0452,ST020,FRESH,155,37,38,683,15,2025-09-28 10:46:24
INV000439,PR0181,ST019,SUPERMARKET,2,1,21,527,27,2025-09-18 10:46:24
INV000440,PR0357,ST013,METRO,346,159,31,230,26,2025-10-02 10:46:24
INV000441,PR0241,ST016,FRESH,247,70,28,961,17,2025-10-11 10:46:24
INV000442,PR0229,ST022,METRO,416,196,27,357,7,2025-09-04 10:46:24
INV000443,PR0442,ST021,SUPERMARKET,399,204,12,677,24,2025-10-02 10:46:24
INV000444,PR0065,ST020,FRESH,145,36,14,333,8,2025-09-30 10:46:24
INV000445,PR0336,ST005,METRO,250,40,41,301,12,2025-09-29 10:46:24
INV000446,PR0304,ST020,FRESH,416,333,43,399,20,2025-07-29 10:46:24
INV000447,PR0467,ST007,FRESH,117,9,12,541,17,2025-08-22 10:46:24
INV000448,PR0100,ST009,METRO,204,62,36,231,19,2025-08-15 10:46:24
INV000449,PR0240,ST023,FRESH,294,169,43,914,25,2025-09-05 10:46:24
INV000450,PR0468,ST021,SUPERMARKET,279,209,10,578,8,2025-10-10 10:46:24
INV000451,PR0036,ST001,SUPERMARKET,248,214,16,891,5,2025-08-19 10:46:24
INV000452,PR0154,ST010,FRESH,292,199,21,284,22,2025-07-25 10:46:24
INV000453,PR0098,ST015,FRESH,32,28,30,732,7,2025-08-26 10:46:24
INV000454,PR0260,ST017,METRO,220,12,42,813,29,2025-09-30 10:46:24
INV000455,PR0230,ST015,FRESH,397,364,46,392,23,2025-08-21 10:46:24
INV000456,PR0017,ST013,METRO,124,111,32,400,30,2025-07-24 10:46:24
INV000457,PR0163,ST015,FRESH,349,220,30,391,13,2025-07-19 10:46:24
INV000458,PR0140,ST025,FRESH,492,322,19,252,9,2025-07-27 10:46:24
INV000459,PR0026,ST015,FRESH,239,84,23,454,28,2025-10-01 10:46:24
INV000460,PR0496,ST015,FRESH,321,66,33,706,21,2025-10-04 10:46:24
INV000461,PR0424,ST015,FRESH,477,40,14,580,13,2025-08-20 10:46:24
INV000462,PR0110,ST013,METRO,89,85,46,704,26,2025-07-21 10:46:24
INV000463,PR0103,ST004,SUPERMARKET,129,47,16,239,25,2025-08-29 10:46:24
INV000464,PR0327,ST008,SUPERMARKET,483,113,11,651,20,2025-08-14 10:46:24
INV000465,PR0326,ST001,SUPERMARKET,60,33,47,999,17,2025-07-31 10:46:24
INV000466,PR0429,ST003,SUPERMARKET,411,307,18,501,21,2025-10-02 10:46:24
INV000467,PR0292,ST015,FRESH,65,18,20,267,21,2025-08-26 10:46:24
INV000468,PR0145,ST013,METRO,438,245,41,286,25,2025-09-23 10:46:24
INV000469,PR0093,ST011,FRESH,448,72,25,203,15,2025-07-24 10:46:24
INV000470,PR0329,ST007,FRESH,280,176,44,401,18,2025-10-03 10:46:24
INV000471,PR0297,ST010,FRESH,446,188,46,610,16,2025-08-08 10:46:24
INV000472,PR0352,ST021,SUPERMARKET,21,6,14,233,6,2025-10-11 10:46:24
INV000473,PR0346,ST016,FRESH,237,230,28,700,6,2025-08-30 10:46:24
INV000474,PR0336,ST008,SUPERMARKET,265,220,15,890,29,2025-08-04 10:46:24
INV000475,PR0216,ST010,FRESH,375,82,38,207,9,2025-08-26 10:46:24
INV000476,PR0244,ST013,METRO,22,20,50,952,28,2025-08-03 10:46:24
INV000477,PR0360,ST019,SUPERMARKET,351,292,11,748,27,2025-10-07 10:46:24
INV000478,PR0025,ST016,FRESH,276,69,24,732,29,2025-07-21 10:46:24
INV000479,PR0147,ST001,SUPERMARKET,435,263,19,513,17,2025-09-17 10:46:24
INV000480,PR0245,ST021,SUPERMARKET,220,3,41,520,23,2025-08-24 10:46:24
INV000481,PR0207,ST010,FRESH,225,174,41,999,6,2025-09-17 10:46:24
INV000482,PR0435,ST020,FRESH,163,127,14,723,25,2025-08-13 10:46:24
INV000483,PR0488,ST011,FRESH,430,40,44,544,18,2025-08-18 10:46:24
INV000484,PR0271,ST021,SUPERMARKET,492,83,12,205,7,2025-09-15 10:46:24
INV000485,PR0010,ST025,FRESH,439,154,15,661,27,2025-09-17 10:46:24
INV000486,PR0110,ST022,METRO,372,148,35,906,11,2025-07-27 10:46:24
INV000487,PR0407,ST013,METRO,101,22,29,409,6,2025-07-30 10:46:24
INV000488,PR0138,ST020,FRESH,145,4,45,890,7,2025-10-03 10:46:24
INV000489,PR0088,ST019,SUPERMARKET,479,461,10,672,17,2025-09-14 10:46:24
INV000490,PR0341,ST015,FRESH,430,122,39,246,29,2025-10-03 10:46:24
INV000491,PR0397,ST015,FRESH,415,395,15,260,14,2025-09-17 10:46:24
INV000492,PR0244,ST022,METRO,40,34,20,353,28,2025-07-25 10:46:24
INV000493,PR0376,ST008,SUPERMARKET,81,40,34,249,29,2025-08-05 10:46:24
INV000494,PR0225,ST014,METRO,456,164,41,885,12,2025-08-07 10:46:24
INV000495,PR0252,ST025,FRESH,343,291,40,203,29,2025-10-08 10:46:24
INV000496,PR0433,ST003,SUPERMARKET,126,51,38,872,6,2025-07-24 10:46:24
INV000497,PR0200,ST014,METRO,335,242,45,586,27,2025-08-05 10:46:24
INV000498,PR0399,ST006,METRO,300,22,17,456,14,2025-08-15 10:46:24
INV000499,PR0118,ST017,METRO,399,13,37,351,10,2025-08-23 10:46:24
INV000500,PR0338,ST009,METRO,19,4,12,849,14,2025-08-07 10:46:24
INV000501,PR0158,ST021,SUPERMARKET,239,206,38,347,10,2025-08-20 10:46:24
INV000502,PR0231,ST001,SUPERMARKET,221,26,25,297,9,2025-07-19 10:46:24
INV000503,PR0457,ST013,METRO,373,97,47,683,16,2025-10-02 10:46:24
INV000504,PR0226,ST001,SUPERMARKET,246,224,26,518,26,2025-08-02 10:46:24
INV000505,PR0195,ST008,SUPERMARKET,69,2,45,374,25,2025-07-29 10:46:24
INV000506,PR0093,ST001,SUPERMARKET,204,45,16,536,15,2025-08-02 10:46:24
INV000507,PR0214,ST005,METRO,7,4,26,599,7,2025-09-20 10:46:24
INV000508,PR0329,ST008,SUPERMARKET,316,194,10,899,25,2025-10-12 10:46:24
INV000509,PR0023,ST019,SUPERMARKET,0,0,20,736,16,2025-10-11 10:46:24
INV000510,PR0316,ST022,METRO,434,334,34,534,27,2025-07-24 10:46:24
INV000511,PR0422,ST016,FRESH,161,22,44,367,23,2025-07-20 10:46:24
INV000512,PR0009,ST005,METRO,500,231,18,647,15,2025-09-14 10:46:24
INV000513,PR0390,ST003,SUPERMARKET,67,47,38,311,13,2025-08-16 10:46:24
INV000514,PR0420,ST001,SUPERMARKET,201,108,45,665,26,2025-09-28 10:46:24
INV000515,PR0051,ST020,FRESH,1,1,41,832,11,2025-10-01 10:46:24
INV000516,PR0051,ST025,FRESH,187,177,22,468,26,2025-08-23 10:46:24
INV000517,PR0390,ST014,METRO,169,142,14,581,30,2025-07-22 10:46:24
INV000518,PR0329,ST024,FRESH,113,9,47,799,16,2025-08-07 10:46:24
INV000519,PR0185,ST002,FRESH,113,82,45,410,21,2025-08-31 10:46:24
INV000520,PR0182,ST007,FRESH,299,225,39,902,26,2025-08-26 10:46:24
INV000521,PR0038,ST008,SUPERMARKET,222,171,39,392,9,2025-08-25 10:46:24
INV000522,PR0053,ST025,FRESH,213,66,15,691,5,2025-09-14 10:46:24
INV000523,PR0473,ST006,METRO,478,145,45,936,10,2025-09-09 10:46:24
INV000524,PR0081,ST015,FRESH,121,74,32,632,23,2025-09-16 10:46:24
INV000525,PR0336,ST017,METRO,123,0,32,741,13,2025-08-02 10:46:24
INV000526,PR0211,ST020,FRESH,488,65,13,810,6,2025-08-16 10:46:24
INV000527,PR0186,ST001,SUPERMARKET,488,109,32,378,15,2025-08-02 10:46:24
INV000528,PR0228,ST008,SUPERMARKET,37,4,14,708,24,2025-07-21 10:46:24
INV000529,PR0476,ST014,METRO,377,210,20,257,15,2025-08-14 10:46:24
INV000530,PR0333,ST012,SUPERMARKET,294,13,40,933,17,2025-09-22 10:46:24
INV000531,PR0063,ST020,FRESH,494,258,38,306,20,2025-08-27 10:46:24
INV000532,PR0029,ST007,FRESH,65,15,14,682,16,2025-10-17 10:46:24
INV000533,PR0170,ST019,SUPERMARKET,191,68,50,497,22,2025-08-06 10:46:24
INV000534,PR0183,ST001,SUPERMARKET,483,386,21,996,9,2025-10-14 10:46:24
INV000535,PR0241,ST025,FRESH,56,28,44,617,5,2025-08-01 10:46:24
INV000536,PR0177,ST016,FRESH,243,143,37,327,12,2025-09-10 10:46:24
INV000537,PR0354,ST016,FRESH,400,8,24,248,15,2025-09-10 10:46:24
INV000538,PR0259,ST023,FRESH,497,235,20,485,20,2025-08-29 10:46:24
INV000539,PR0482,ST002,FRESH,227,81,40,637,19,2025-08-28 10:46:24
INV000540,PR0067,ST022,METRO,110,23,29,534,9,2025-08-01 10:46:24
INV000541,PR0449,ST011,FRESH,19,15,49,583,12,2025-08-26 10:46:24
INV000542,PR0337,ST013,METRO,131,47,39,211,27,2025-09-11 10:46:24
INV000543,PR0450,ST023,FRESH,112,86,46,794,27,2025-09-04 10:46:24
INV000544,PR0294,ST003,SUPERMARKET,136,113,32,966,14,2025-09-02 10:46:24
INV000545,PR0290,ST009,METRO,487,360,28,664,27,2025-09-11 10:46:24
INV000546,PR0174,ST020,FRESH,103,43,48,856,20,2025-08-26 10:46:24
INV000547,PR0312,ST018,METRO,330,215,24,491,28,2025-08-11 10:46:24
INV000548,PR0434,ST023,FRESH,369,121,10,818,19,2025-09-09 10:46:24
INV000549,PR0276,ST010,FRESH,278,261,32,768,22,2025-09-01 10:46:24
INV000550,PR0131,ST005,METRO,16,7,19,894,26,2025-09-24 10:46:24
INV000551,PR0202,ST020,FRESH,374,283,32,917,30,2025-10-17 10:46:24
INV000552,PR0500,ST001,SUPERMARKET,320,205,10,780,22,2025-08-05 10:46:24
INV000553,PR0379,ST001,SUPERMARKET,12,0,49,734,22,2025-08-20 10:46:24
INV000554,PR0091,ST025,FRESH,168,125,44,689,21,2025-10-04 10:46:24
INV000555,PR0209,ST022,METRO,106,46,15,622,21,2025-08-05 10:46:24
INV000556,PR0095,ST004,SUPERMARKET,28,7,25,440,30,2025-09-19 10:46:24
INV000557,PR0276,ST016,FRESH,385,205,47,866,19,2025-07-25 10:46:24
INV000558,PR0063,ST022,METRO,374,58,14,964,9,2025-07-27 10:46:24
INV000559,PR0431,ST011,FRESH,44,27,14,930,12,2025-09-30 10:46:24
INV000560,PR0170,ST022,METRO,3,0,20,529,5,2025-07-29 10:46:24
INV000561,PR0133,ST025,FRESH,43,41,29,981,22,2025-09-06 10:46:24
INV000562,PR0396,ST009,METRO,53,33,48,464,16,2025-08-18 10:46:24
INV000563,PR0077,ST008,SUPERMARKET,276,94,27,709,14,2025-10-11 10:46:24
INV000564,PR0040,ST008,SUPERMARKET,75,61,30,317,14,2025-08-27 10:46:24
INV000565,PR0320,ST004,SUPERMARKET,404,273,27,508,29,2025-09-18 10:46:24
INV000566,PR0422,ST016,FRESH,206,182,29,294,25,2025-10-14 10:46:24
INV000567,PR0272,ST018,METRO,266,249,18,625,20,2025-08-07 10:46:24
INV000568,PR0004,ST005,METRO,36,27,38,409,27,2025-09-01 10:46:24
INV000569,PR0069,ST022,METRO,200,144,12,476,28,2025-07-30 10:46:24
INV000570,PR0299,ST018,METRO,61,14,46,799,27,2025-09-24 10:46:24
INV000571,PR0118,ST022,METRO,393,226,31,404,24,2025-08-09 10:46:24
INV000572,PR0087,ST008,SUPERMARKET,228,41,22,829,16,2025-07-25 10:46:24
INV000573,PR0308,ST015,FRESH,69,16,48,427,7,2025-10-13 10:46:24
INV000574,PR0424,ST006,METRO,100,19,36,867,21,2025-09-21 10:46:24
INV000575,PR0095,ST002,FRESH,436,28,22,330,29,2025-09-29 10:46:24
INV000576,PR0089,ST021,SUPERMARKET,402,396,44,611,21,2025-09-03 10:46:24
INV000577,PR0111,ST006,METRO,284,111,32,717,24,2025-10-02 10:46:24
INV000578,PR0282,ST008,SUPERMARKET,383,327,21,505,19,2025-09-09 10:46:24
INV000579,PR0109,ST016,FRESH,39,8,30,214,24,2025-07-28 10:46:24
INV000580,PR0345,ST013,METRO,427,194,29,449,8,2025-09-14 10:46:24
INV000581,PR0482,ST020,FRESH,365,27,40,572,27,2025-09-01 10:46:24
INV000582,PR0133,ST002,FRESH,432,24,21,716,10,2025-09-10 10:46:24
INV000583,PR0081,ST021,SUPERMARKET,238,58,16,707,15,2025-09-14 10:46:24
INV000584,PR0108,ST006,METRO,99,26,27,902,25,2025-10-11 10:46:24
INV000585,PR0431,ST018,METRO,473,69,10,747,19,2025-08-19 10:46:24
INV000586,PR0382,ST021,SUPERMARKET,120,112,33,809,13,2025-09-25 10:46:24
INV000587,PR0434,ST016,FRESH,205,172,16,808,15,2025-08-31 10:46:24
INV000588,PR0430,ST017,METRO,57,11,48,637,21,2025-09-07 10:46:24
INV000589,PR0061,ST019,SUPERMARKET,386,232,44,904,24,2025-08-18 10:46:24
INV000590,PR0362,ST025,FRESH,418,239,10,413,27,2025-08-28 10:46:24
INV000591,PR0143,ST009,METRO,457,300,43,895,11,2025-10-10 10:46:24
INV000592,PR0206,ST010,FRESH,331,82,10,676,14,2025-10-04 10:46:24
INV000593,PR0260,ST012,SUPERMARKET,0,0,33,340,28,2025-08-05 10:46:24
INV000594,PR0227,ST024,FRESH,161,89,19,304,25,2025-09-14 10:46:24
INV000595,PR0402,ST004,SUPERMARKET,25,21,50,603,10,2025-10-06 10:46:24
INV000596,PR0440,ST018,METRO,275,234,25,641,29,2025-07-23 10:46:24
INV000597,PR0168,ST010,FRESH,236,154,20,407,9,2025-08-09 10:46:24
INV000598,PR0158,ST002,FRESH,386,141,17,897,8,2025-08-03 10:46:24
INV000599,PR0190,ST002,FRESH,52,5,21,218,28,2025-09-05 10:46:24
INV000600,PR0117,ST011,FRESH,143,97,31,695,7,2025-08-12 10:46:24
INV000601,PR0370,ST013,METRO,77,22,23,240,25,2025-08-28 10:46:24
INV000602,PR0176,ST016,FRESH,268,229,46,540,19,2025-09-21 10:46:24
INV000603,PR0457,ST016,FRESH,47,0,22,996,25,2025-08-16 10:46:24
INV000604,PR0065,ST021,SUPERMARKET,322,277,19,986,14,2025-09-02 10:46:24
INV000605,PR0035,ST025,FRESH,63,17,34,470,25,2025-10-12 10:46:24
INV000606,PR0413,ST018,METRO,409,61,35,711,20,2025-08-12 10:46:24
INV000607,PR0278,ST016,FRESH,304,123,20,516,8,2025-08-23 10:46:24
INV000608,PR0340,ST015,FRESH,177,30,10,768,18,2025-08-18 10:46:24
INV000609,PR0211,ST012,SUPERMARKET,474,421,49,442,24,2025-09-05 10:46:24
INV000610,PR0348,ST007,FRESH,230,148,38,498,27,2025-07-26 10:46:24
INV000611,PR0031,ST023,FRESH,102,89,26,882,14,2025-08-16 10:46:24
INV000612,PR0118,ST018,METRO,253,228,46,329,11,2025-08-17 10:46:24
INV000613,PR0175,ST009,METRO,198,122,33,633,27,2025-09-29 10:46:24
INV000614,PR0033,ST012,SUPERMARKET,193,55,34,941,29,2025-08-24 10:46:24
INV000615,PR0035,ST021,SUPERMARKET,437,340,31,338,9,2025-09-21 10:46:24
INV000616,PR0203,ST007,FRESH,481,110,29,675,28,2025-08-22 10:46:24
INV000617,PR0135,ST009,METRO,485,121,49,932,5,2025-10-12 10:46:24
INV000618,PR0110,ST017,METRO,268,124,43,248,17,2025-08-03 10:46:24
INV000619,PR0108,ST021,SUPERMARKET,2,0,50,793,24,2025-09-14 10:46:24
INV000620,PR0082,ST014,METRO,327,265,16,473,30,2025-10-12 10:46:24
INV000621,PR0498,ST025,FRESH,58,36,25,551,16,2025-08-16 10:46:24
INV000622,PR0246,ST002,FRESH,204,90,17,279,11,2025-07-30 10:46:24
INV000623,PR0470,ST023,FRESH,497,90,45,414,5,2025-08-15 10:46:24
INV000624,PR0393,ST011,FRESH,87,70,16,279,8,2025-09-04 10:46:24
INV000625,PR0404,ST011,FRESH,22,8,18,883,19,2025-10-12 10:46:24
INV000626,PR0238,ST014,METRO,94,81,24,795,12,2025-08-17 10:46:24
INV000627,PR0258,ST019,SUPERMARKET,75,46,27,802,15,2025-08-29 10:46:24
INV000628,PR0411,ST021,SUPERMARKET,107,56,13,420,21,2025-09-05 10:46:24
INV000629,PR0002,ST015,FRESH,257,4,16,386,23,2025-07-27 10:46:24
INV000630,PR0236,ST009,METRO,264,153,43,934,18,2025-09-05 10:46:24
INV000631,PR0170,ST006,METRO,496,366,35,273,28,2025-07-19 10:46:24
INV000632,PR0185,ST016,FRESH,498,291,37,939,6,2025-08-20 10:46:24
INV000633,PR0257,ST013,METRO,50,13,41,575,13,2025-07-21 10:46:24
INV000634,PR0235,ST019,SUPERMARKET,23,23,33,981,5,2025-09-22 10:46:24
INV000635,PR0333,ST006,METRO,313,105,13,497,30,2025-10-12 10:46:24
INV000636,PR0136,ST008,SUPERMARKET,278,16,43,759,29,2025-10-06 10:46:24
INV000637,PR0423,ST006,METRO,210,207,18,960,17,2025-10-13 10:46:24
INV000638,PR0026,ST012,SUPERMARKET,307,207,34,600,10,2025-08-02 10:46:24
INV000639,PR0410,ST005,METRO,94,32,48,320,6,2025-10-01 10:46:24
INV000640,PR0276,ST003,SUPERMARKET,167,39,33,848,14,2025-10-15 10:46:24
INV000641,PR0040,ST012,SUPERMARKET,161,147,40,555,28,2025-10-12 10:46:24
INV000642,PR0244,ST019,SUPERMARKET,63,25,46,393,11,2025-09-09 10:46:24
INV000643,PR0005,ST025,FRESH,205,148,16,252,24,2025-08-17 10:46:24
INV000644,PR0147,ST024,FRESH,28,7,25,444,26,2025-09-03 10:46:24
INV000645,PR0127,ST004,SUPERMARKET,156,27,32,820,22,2025-10-13 10:46:24
INV000646,PR0477,ST002,FRESH,471,274,36,386,30,2025-08-19 10:46:24
INV000647,PR0370,ST024,FRESH,310,114,13,232,7,2025-07-25 10:46:24
INV000648,PR0346,ST016,FRESH,199,171,27,482,15,2025-08-16 10:46:24
INV000649,PR0480,ST010,FRESH,462,451,20,296,10,2025-10-11 10:46:24
INV000650,PR0174,ST022,METRO,228,51,10,879,22,2025-09-02 10:46:24
INV000651,PR0372,ST018,METRO,452,86,13,797,5,2025-09-27 10:46:24
INV000652,PR0136,ST002,FRESH,16,16,15,361,29,2025-10-08 10:46:24
INV000653,PR0425,ST013,METRO,337,77,46,569,30,2025-09-10 10:46:24
INV000654,PR0392,ST024,FRESH,127,6,11,845,7,2025-10-17 10:46:24
INV000655,PR0142,ST021,SUPERMARKET,111,20,50,935,9,2025-08-27 10:46:24
INV000656,PR0367,ST015,FRESH,93,27,33,474,14,2025-08-15 10:46:24
INV000657,PR0387,ST014,METRO,176,5,13,713,18,2025-10-12 10:46:24
INV000658,PR0352,ST012,SUPERMARKET,389,253,10,703,10,2025-09-20 10:46:24
INV000659,PR0118,ST009,METRO,444,369,24,422,15,2025-07-26 10:46:24
INV000660,PR0391,ST020,FRESH,294,73,11,273,19,2025-09-07 10:46:24
INV000661,PR0005,ST009,METRO,211,195,47,351,12,2025-10-03 10:46:24
INV000662,PR0476,ST006,METRO,70,54,31,429,16,2025-08-01 10:46:24
INV000663,PR0324,ST012,SUPERMARKET,398,186,40,312,29,2025-08-01 10:46:24
INV000664,PR0175,ST001,SUPERMARKET,12,4,41,330,22,2025-08-07 10:46:24
INV000665,PR0044,ST019,SUPERMARKET,500,284,10,635,9,2025-08-02 10:46:24
INV000666,PR0443,ST017,METRO,28,23,41,292,15,2025-09-27 10:46:24
INV000667,PR0497,ST020,FRESH,105,11,30,213,18,2025-07-29 10:46:24
INV000668,PR0292,ST008,SUPERMARKET,375,153,36,837,27,2025-07-22 10:46:24
INV000669,PR0212,ST001,SUPERMARKET,326,251,12,716,29,2025-10-03 10:46:24
INV000670,PR0427,ST006,METRO,266,0,20,336,7,2025-10-13 10:46:24
INV000671,PR0499,ST002,FRESH,426,209,35,476,23,2025-08-01 10:46:24
INV000672,PR0215,ST001,SUPERMARKET,66,64,26,517,29,2025-09-15 10:46:24
INV000673,PR0340,ST004,SUPERMARKET,217,102,29,536,11,2025-09-10 10:46:24
INV000674,PR0097,ST001,SUPERMARKET,397,42,35,945,26,2025-09-28 10:46:24
INV000675,PR0236,ST024,FRESH,295,265,10,353,16,2025-09-04 10:46:24
INV000676,PR0092,ST015,FRESH,228,35,30,533,8,2025-09-13 10:46:24
INV000677,PR0109,ST005,METRO,331,294,10,927,5,2025-09-05 10:46:24
INV000678,PR0110,ST004,SUPERMARKET,103,0,19,481,26,2025-09-24 10:46:24
INV000679,PR0202,ST015,FRESH,415,125,43,683,15,2025-07-23 10:46:24
INV000680,PR0476,ST007,FRESH,135,52,25,345,6,2025-07-22 10:46:24
INV000681,PR0182,ST007,FRESH,264,241,46,316,12,2025-10-14 10:46:24
INV000682,PR0372,ST024,FRESH,103,32,15,917,10,2025-09-25 10:46:24
INV000683,PR0433,ST008,SUPERMARKET,90,52,39,311,25,2025-08-27 10:46:24
INV000684,PR0486,ST005,METRO,265,181,17,724,22,2025-08-30 10:46:24
INV000685,PR0359,ST006,METRO,297,146,33,970,16,2025-10-16 10:46:24
INV000686,PR0012,ST025,FRESH,276,95,48,822,14,2025-09-19 10:46:24
INV000687,PR0424,ST023,FRESH,185,9,31,729,12,2025-08-30 10:46:24
INV000688,PR0192,ST009,METRO,101,47,24,546,28,2025-08-21 10:46:24
INV000689,PR0431,ST025,FRESH,160,14,39,378,24,2025-09-02 10:46:24
INV000690,PR0337,ST001,SUPERMARKET,301,206,15,537,11,2025-08-17 10:46:24
INV000691,PR0403,ST010,FRESH,116,48,28,278,17,2025-09-29 10:46:24
INV000692,PR0233,ST024,FRESH,131,96,27,592,8,2025-10-13 10:46:24
INV000693,PR0182,ST020,FRESH,375,367,37,698,21,2025-07-27 10:46:24
INV000694,PR0473,ST009,METRO,27,10,41,651,18,2025-10-13 10:46:24
INV000695,PR0028,ST010,FRESH,357,342,45,717,11,2025-08-21 10:46:24
INV000696,PR0479,ST014,METRO,476,443,19,278,5,2025-09-07 10:46:24
INV000697,PR0111,ST019,SUPERMARKET,221,123,29,595,16,2025-08-18 10:46:24
INV000698,PR0228,ST014,METRO,232,229,46,731,18,2025-08-01 10:46:24
INV000699,PR0117,ST001,SUPERMARKET,476,356,47,401,18,2025-10-02 10:46:24
INV000700,PR0449,ST009,METRO,329,63,16,375,27,2025-07-26 10:46:24
INV000701,PR0374,ST019,SUPERMARKET,494,179,21,529,22,2025-10-10 10:46:24
INV000702,PR0060,ST018,METRO,489,15,25,640,21,2025-10-07 10:46:24
INV000703,PR0257,ST016,FRESH,375,179,10,824,12,2025-09-09 10:46:24
INV000704,PR0219,ST004,SUPERMARKET,126,107,17,768,15,2025-08-04 10:46:24
INV000705,PR0478,ST025,FRESH,336,326,17,788,25,2025-07-30 10:46:24
INV000706,PR0126,ST018,METRO,363,315,40,577,21,2025-09-25 10:46:24
INV000707,PR0474,ST017,METRO,378,211,11,859,28,2025-10-08 10:46:24
INV000708,PR0003,ST010,FRESH,484,211,11,973,22,2025-08-24 10:46:24
INV000709,PR0286,ST010,FRESH,179,89,41,326,21,2025-10-06 10:46:24
INV000710,PR0325,ST013,METRO,445,424,14,490,6,2025-08-19 10:46:24
INV000711,PR0227,ST022,METRO,122,118,38,290,29,2025-08-29 10:46:24
INV000712,PR0429,ST023,FRESH,124,12,16,485,17,2025-07-19 10:46:24
INV000713,PR0030,ST021,SUPERMARKET,121,103,46,232,10,2025-09-06 10:46:24
INV000714,PR0419,ST024,FRESH,97,57,50,499,16,2025-09-21 10:46:24
INV000715,PR0037,ST015,FRESH,3,1,32,422,15,2025-10-16 10:46:24
INV000716,PR0186,ST020,FRESH,200,77,10,680,20,2025-07-31 10:46:24
INV000717,PR0408,ST016,FRESH,140,36,29,306,20,2025-09-11 10:46:24
INV000718,PR0175,ST016,FRESH,278,140,20,815,19,2025-08-26 10:46:24
INV000719,PR0489,ST012,SUPERMARKET,449,226,50,928,30,2025-08-19 10:46:24
INV000720,PR0171,ST001,SUPERMARKET,325,86,28,340,13,2025-09-06 10:46:24
INV000721,PR0018,ST006,METRO,173,109,19,202,21,2025-09-23 10:46:24
INV000722,PR0290,ST016,FRESH,365,95,20,414,27,2025-08-20 10:46:24
INV000723,PR0288,ST014,METRO,142,136,32,912,14,2025-09-28 10:46:24
INV000724,PR0236,ST014,METRO,30,6,34,638,29,2025-08-23 10:46:24
INV000725,PR0091,ST008,SUPERMARKET,342,335,13,296,24,2025-07-28 10:46:24
INV000726,PR0208,ST016,FRESH,195,33,43,679,16,2025-08-24 10:46:24
INV000727,PR0360,ST019,SUPERMARKET,315,211,46,789,10,2025-10-13 10:46:24
INV000728,PR0432,ST008,SUPERMARKET,303,262,14,434,20,2025-08-21 10:46:24
INV000729,PR0061,ST011,FRESH,360,292,35,736,21,2025-08-21 10:46:24
INV000730,PR0338,ST012,SUPERMARKET,27,7,32,430,10,2025-08-10 10:46:24
INV000731,PR0470,ST014,METRO,468,348,29,915,19,2025-08-26 10:46:24
INV000732,PR0156,ST006,METRO,67,37,37,603,27,2025-08-24 10:46:24
INV000733,PR0145,ST017,METRO,215,61,41,267,24,2025-10-07 10:46:24
INV000734,PR0338,ST019,SUPERMARKET,303,105,15,984,27,2025-08-03 10:46:24
INV000735,PR0445,ST004,SUPERMARKET,39,37,29,270,24,2025-08-06 10:46:24
INV000736,PR0056,ST008,SUPERMARKET,344,305,40,405,21,2025-07-29 10:46:24
INV000737,PR0406,ST018,METRO,3,2,12,918,28,2025-07-25 10:46:24
INV000738,PR0410,ST020,FRESH,416,342,38,918,11,2025-10-12 10:46:24
INV000739,PR0046,ST023,FRESH,66,29,50,381,11,2025-09-19 10:46:24
INV000740,PR0222,ST016,FRESH,51,51,14,994,28,2025-10-14 10:46:24
INV000741,PR0304,ST021,SUPERMARKET,51,41,32,353,14,2025-09-29 10:46:24
INV000742,PR0287,ST021,SUPERMARKET,180,117,30,727,18,2025-07-31 10:46:24
INV000743,PR0007,ST001,SUPERMARKET,30,6,14,806,23,2025-07-27 10:46:24
INV000744,PR0202,ST010,FRESH,228,72,15,469,15,2025-09-13 10:46:24
INV000745,PR0126,ST019,SUPERMARKET,199,193,13,978,21,2025-09-23 10:46:24
INV000746,PR0065,ST009,METRO,104,40,39,865,10,2025-09-24 10:46:24
INV000747,PR0444,ST007,FRESH,36,28,33,650,29,2025-08-27 10:46:24
INV000748,PR0201,ST002,FRESH,57,53,12,984,18,2025-10-14 10:46:24
INV000749,PR0066,ST005,METRO,89,53,47,918,11,2025-09-25 10:46:24
INV000750,PR0307,ST010,FRESH,2,2,28,722,22,2025-10-15 10:46:24
INV000751,PR0442,ST004,SUPERMARKET,89,78,11,281,22,2025-10-13 10:46:24
INV000752,PR0364,ST005,METRO,137,34,31,652,20,2025-10-11 10:46:24
INV000753,PR0154,ST007,FRESH,326,54,34,457,28,2025-10-13 10:46:24
INV000754,PR0397,ST016,FRESH,152,88,29,462,28,2025-08-01 10:46:24
INV000755,PR0425,ST004,SUPERMARKET,81,57,29,585,11,2025-08-21 10:46:24
INV000756,PR0391,ST020,FRESH,436,198,29,330,8,2025-08-25 10:46:24
INV000757,PR0333,ST013,METRO,135,60,18,534,13,2025-09-04 10:46:24
INV000758,PR0278,ST018,METRO,68,8,24,932,21,2025-10-03 10:46:24
INV000759,PR0313,ST012,SUPERMARKET,341,270,42,506,15,2025-09-01 10:46:24
INV000760,PR0175,ST011,FRESH,44,11,31,572,11,2025-09-20 10:46:24
INV000761,PR0090,ST005,METRO,430,363,31,993,17,2025-09-28 10:46:24
INV000762,PR0466,ST014,METRO,93,74,27,713,10,2025-09-12 10:46:24
INV000763,PR0144,ST024,FRESH,41,34,44,824,18,2025-09-19 10:46:24
INV000764,PR0471,ST020,FRESH,47,22,22,931,17,2025-09-27 10:46:24
INV000765,PR0216,ST005,METRO,455,222,43,698,11,2025-09-02 10:46:24
INV000766,PR0466,ST020,FRESH,20,13,44,471,24,2025-07-19 10:46:24
INV000767,PR0007,ST006,METRO,304,132,43,267,5,2025-10-11 10:46:24
INV000768,PR0334,ST015,FRESH,455,282,30,726,18,2025-07-23 10:46:24
INV000769,PR0295,ST016,FRESH,487,197,48,455,21,2025-08-02 10:46:24
INV000770,PR0061,ST020,FRESH,345,44,17,841,18,2025-10-14 10:46:24
INV000771,PR0250,ST024,FRESH,29,2,30,858,5,2025-08-29 10:46:24
INV000772,PR0472,ST015,FRESH,71,19,16,244,8,2025-10-05 10:46:24
INV000773,PR0107,ST002,FRESH,463,219,25,514,26,2025-09-09 10:46:24
INV000774,PR0151,ST006,METRO,75,67,43,510,25,2025-09-21 10:46:24
INV000775,PR0052,ST010,FRESH,86,80,16,823,28,2025-10-04 10:46:24
INV000776,PR0067,ST020,FRESH,151,78,31,618,10,2025-07-28 10:46:24
INV000777,PR0194,ST005,METRO,100,61,49,725,6,2025-08-22 10:46:24
INV000778,PR0496,ST005,METRO,209,90,48,605,8,2025-09-22 10:46:24
INV000779,PR0187,ST006,METRO,494,143,34,315,7,2025-08-04 10:46:24
INV000780,PR0491,ST019,SUPERMARKET,23,7,33,554,13,2025-08-02 10:46:24
INV000781,PR0004,ST024,FRESH,9,5,32,233,22,2025-08-21 10:46:24
INV000782,PR0307,ST005,METRO,168,38,46,728,8,2025-07-24 10:46:24
INV000783,PR0314,ST021,SUPERMARKET,364,159,14,951,17,2025-08-16 10:46:24
INV000784,PR0146,ST008,SUPERMARKET,165,154,44,477,14,2025-08-11 10:46:24
INV000785,PR0403,ST014,METRO,370,105,42,311,9,2025-10-12 10:46:24
INV000786,PR0278,ST021,SUPERMARKET,452,26,16,925,8,2025-07-19 10:46:24
INV000787,PR0092,ST021,SUPERMARKET,95,28,29,270,12,2025-07-26 10:46:24
INV000788,PR0307,ST011,FRESH,55,28,37,825,23,2025-08-24 10:46:24
INV000789,PR0197,ST011,FRESH,374,215,19,236,22,2025-07-27 10:46:24
INV000790,PR0273,ST008,SUPERMARKET,67,60,35,642,30,2025-10-01 10:46:24
INV000791,PR0358,ST012,SUPERMARKET,480,196,35,884,16,2025-09-17 10:46:24
INV000792,PR0378,ST002,FRESH,300,125,25,615,6,2025-09-10 10:46:24
INV000793,PR0332,ST004,SUPERMARKET,285,128,42,501,30,2025-10-11 10:46:24
INV000794,PR0247,ST022,METRO,247,212,44,485,17,2025-10-08 10:46:24
INV000795,PR0430,ST021,SUPERMARKET,98,11,16,733,27,2025-10-02 10:46:24
INV000796,PR0476,ST020,FRESH,377,290,35,538,17,2025-10-07 10:46:24
INV000797,PR0490,ST004,SUPERMARKET,240,184,29,530,9,2025-10-15 10:46:24
INV000798,PR0182,ST001,SUPERMARKET,397,321,23,272,23,2025-08-10 10:46:24
INV000799,PR0322,ST014,METRO,208,172,18,569,19,2025-08-13 10:46:24
INV000800,PR0495,ST021,SUPERMARKET,292,194,14,980,22,2025-08-29 10:46:24
INV000801,PR0114,ST001,SUPERMARKET,357,46,28,624,19,2025-09-12 10:46:24
INV000802,PR0009,ST023,FRESH,162,137,25,773,28,2025-08-13 10:46:24
INV000803,PR0488,ST001,SUPERMARKET,418,327,45,671,24,2025-10-01 10:46:24
INV000804,PR0300,ST010,FRESH,99,87,31,676,14,2025-07-23 10:46:24
INV000805,PR0292,ST001,SUPERMARKET,412,220,22,634,14,2025-10-17 10:46:24
INV000806,PR0278,ST014,METRO,156,129,36,769,29,2025-09-03 10:46:24
INV000807,PR0033,ST011,FRESH,72,38,31,804,14,2025-09-12 10:46:24
INV000808,PR0426,ST016,FRESH,109,98,49,559,19,2025-10-14 10:46:24
INV000809,PR0125,ST003,SUPERMARKET,472,411,41,984,25,2025-09-01 10:46:24
INV000810,PR0280,ST006,METRO,179,43,32,235,30,2025-09-11 10:46:24
INV000811,PR0449,ST022,METRO,355,84,34,586,29,2025-07-24 10:46:24
INV000812,PR0365,ST017,METRO,424,184,12,262,12,2025-09-30 10:46:24
INV000813,PR0339,ST007,FRESH,276,161,27,370,10,2025-08-17 10:46:24
INV000814,PR0092,ST014,METRO,8,5,36,410,13,2025-08-25 10:46:24
INV000815,PR0262,ST003,SUPERMARKET,496,206,34,488,8,2025-09-18 10:46:24
INV000816,PR0212,ST007,FRESH,365,198,19,475,21,2025-08-10 10:46:24
INV000817,PR0285,ST013,METRO,290,215,17,909,22,2025-09-01 10:46:24
INV000818,PR0391,ST024,FRESH,280,198,45,938,29,2025-08-01 10:46:24
INV000819,PR0143,ST020,FRESH,172,118,10,861,14,2025-08-15 10:46:24
INV000820,PR0461,ST024,FRESH,396,375,11,529,27,2025-07-24 10:46:24
INV000821,PR0089,ST010,FRESH,148,62,22,280,25,2025-09-15 10:46:24
INV000822,PR0202,ST009,METRO,90,90,26,409,21,2025-10-08 10:46:24
INV000823,PR0347,ST025,FRESH,474,103,48,924,24,2025-09-26 10:46:24
INV000824,PR0173,ST016,FRESH,198,6,12,419,9,2025-08-25 10:46:24
INV000825,PR0221,ST005,METRO,359,23,12,870,21,2025-08-30 10:46:24
INV000826,PR0169,ST004,SUPERMARKET,363,74,14,947,23,2025-09-14 10:46:24
INV000827,PR0057,ST024,FRESH,205,80,17,215,14,2025-08-01 10:46:24
INV000828,PR0191,ST005,METRO,99,79,17,307,17,2025-10-11 10:46:24
INV000829,PR0433,ST010,FRESH,249,183,42,735,22,2025-07-29 10:46:24
INV000830,PR0396,ST023,FRESH,291,285,43,574,19,2025-09-30 10:46:24
INV000831,PR0470,ST004,SUPERMARKET,152,34,29,783,11,2025-09-25 10:46:24
INV000832,PR0392,ST017,METRO,435,301,30,559,26,2025-09-21 10:46:24
INV000833,PR0462,ST006,METRO,485,12,47,561,12,2025-08-24 10:46:24
INV000834,PR0224,ST006,METRO,349,296,49,630,22,2025-09-28 10:46:24
INV000835,PR0416,ST004,SUPERMARKET,126,43,15,537,17,2025-08-05 10:46:24
INV000836,PR0099,ST007,FRESH,409,157,36,884,14,2025-09-06 10:46:24
INV000837,PR0293,ST002,FRESH,296,170,24,378,11,2025-08-20 10:46:24
INV000838,PR0314,ST025,FRESH,464,287,34,944,9,2025-07-30 10:46:24
INV000839,PR0264,ST004,SUPERMARKET,305,24,30,495,20,2025-08-14 10:46:24
INV000840,PR0411,ST015,FRESH,452,351,20,825,23,2025-10-04 10:46:24
INV000841,PR0098,ST022,METRO,290,143,47,410,30,2025-10-08 10:46:24
INV000842,PR0405,ST007,FRESH,498,322,47,506,13,2025-09-25 10:46:24
INV000843,PR0343,ST007,FRESH,282,208,25,668,27,2025-10-08 10:46:24
INV000844,PR0338,ST002,FRESH,146,57,12,773,22,2025-09-22 10:46:24
INV000845,PR0384,ST022,METRO,240,4,50,773,8,2025-10-09 10:46:24
INV000846,PR0092,ST003,SUPERMARKET,326,33,34,948,13,2025-07-29 10:46:24
INV000847,PR0231,ST008,SUPERMARKET,495,346,25,515,28,2025-08-04 10:46:24
INV000848,PR0401,ST012,SUPERMARKET,11,6,43,609,20,2025-10-03 10:46:24
INV000849,PR0157,ST004,SUPERMARKET,327,282,38,859,20,2025-08-25 10:46:24
INV000850,PR0273,ST004,SUPERMARKET,215,99,47,447,16,2025-09-15 10:46:24
INV000851,PR0132,ST010,FRESH,478,344,10,963,27,2025-08-29 10:46:24
INV000852,PR0251,ST012,SUPERMARKET,280,210,19,882,25,2025-10-11 10:46:24
INV000853,PR0292,ST002,FRESH,215,98,29,539,17,2025-08-07 10:46:24
INV000854,PR0180,ST007,FRESH,372,7,25,694,11,2025-09-16 10:46:24
INV000855,PR0352,ST019,SUPERMARKET,7,4,47,745,7,2025-08-17 10:46:24
INV000856,PR0181,ST007,FRESH,5,2,34,773,23,2025-09-27 10:46:24
INV000857,PR0166,ST020,FRESH,251,118,46,475,16,2025-09-25 10:46:24
INV000858,PR0489,ST001,SUPERMARKET,55,41,10,204,18,2025-07-31 10:46:24
INV000859,PR0450,ST025,FRESH,292,174,21,743,18,2025-09-09 10:46:24
INV000860,PR0416,ST008,SUPERMARKET,430,290,44,646,15,2025-08-25 10:46:24
INV000861,PR0384,ST020,FRESH,268,34,47,466,10,2025-08-15 10:46:24
INV000862,PR0029,ST020,FRESH,400,389,37,621,25,2025-10-16 10:46:24
INV000863,PR0185,ST023,FRESH,282,116,29,595,12,2025-07-24 10:46:24
INV000864,PR0024,ST022,METRO,158,37,48,722,17,2025-08-10 10:46:24
INV000865,PR0161,ST002,FRESH,356,20,32,245,16,2025-08-28 10:46:24
INV000866,PR0405,ST014,METRO,140,100,10,393,9,2025-08-26 10:46:24
INV000867,PR0209,ST022,METRO,323,220,29,586,16,2025-07-21 10:46:24
INV000868,PR0335,ST005,METRO,126,18,24,253,6,2025-09-25 10:46:24
INV000869,PR0490,ST005,METRO,302,141,28,322,11,2025-10-05 10:46:24
INV000870,PR0277,ST008,SUPERMARKET,449,311,30,263,16,2025-08-14 10:46:24
INV000871,PR0071,ST012,SUPERMARKET,217,69,27,774,11,2025-08-18 10:46:24
INV000872,PR0143,ST014,METRO,25,22,35,677,9,2025-10-03 10:46:24
INV000873,PR0289,ST023,FRESH,390,36,16,850,28,2025-09-01 10:46:24
INV000874,PR0439,ST017,METRO,263,130,26,713,26,2025-10-16 10:46:24
INV000875,PR0152,ST003,SUPERMARKET,269,124,23,421,26,2025-09-09 10:46:24
INV000876,PR0065,ST020,FRESH,277,33,12,675,23,2025-09-23 10:46:24
INV000877,PR0283,ST018,METRO,211,187,32,781,28,2025-10-06 10:46:24
INV000878,PR0278,ST008,SUPERMARKET,375,343,25,734,18,2025-08-12 10:46:24
INV000879,PR0235,ST023,FRESH,108,46,20,746,25,2025-08-23 10:46:24
INV000880,PR0284,ST006,METRO,251,158,48,717,22,2025-08-23 10:46:24
INV000881,PR0357,ST006,METRO,138,58,26,253,20,2025-10-08 10:46:24
INV000882,PR0037,ST019,SUPERMARKET,263,241,47,215,16,2025-10-04 10:46:24
INV000883,PR0347,ST009,METRO,154,75,20,354,30,2025-07-28 10:46:24
INV000884,PR0307,ST013,METRO,342,276,11,871,27,2025-09-15 10:46:24
INV000885,PR0187,ST020,FRESH,79,51,34,737,20,2025-07-30 10:46:24
INV000886,PR0089,ST001,SUPERMARKET,341,285,46,250,29,2025-08-09 10:46:24
INV000887,PR0062,ST022,METRO,37,22,30,399,13,2025-08-16 10:46:24
INV000888,PR0202,ST011,FRESH,406,305,46,918,18,2025-09-10 10:46:24
INV000889,PR0199,ST003,SUPERMARKET,344,99,44,457,21,2025-07-21 10:46:24
INV000890,PR0328,ST009,METRO,368,151,48,980,6,2025-08-27 10:46:24
INV000891,PR0171,ST014,METRO,480,135,10,859,12,2025-08-24 10:46:24
INV000892,PR0401,ST013,METRO,155,26,33,774,26,2025-09-16 10:46:24
INV000893,PR0216,ST008,SUPERMARKET,251,118,27,425,23,2025-08-27 10:46:24
INV000894,PR0286,ST013,METRO,61,12,46,289,28,2025-08-21 10:46:24
INV000895,PR0090,ST015,FRESH,343,306,19,978,17,2025-10-13 10:46:24
INV000896,PR0497,ST017,METRO,116,99,49,847,29,2025-10-04 10:46:24
INV000897,PR0073,ST013,METRO,290,79,21,466,19,2025-07-29 10:46:24
INV000898,PR0045,ST015,FRESH,400,168,34,388,5,2025-08-07 10:46:24
INV000899,PR0069,ST002,FRESH,12,7,44,500,16,2025-07-21 10:46:24
INV000900,PR0234,ST001,SUPERMARKET,339,87,25,362,23,2025-09-26 10:46:24
INV000901,PR0420,ST015,FRESH,257,234,47,473,7,2025-09-24 10:46:24
INV000902,PR0344,ST021,SUPERMARKET,182,169,42,596,23,2025-09-19 10:46:24
INV000903,PR0127,ST008,SUPERMARKET,485,350,42,330,19,2025-08-20 10:46:24
INV000904,PR0093,ST010,FRESH,387,319,23,816,20,2025-08-02 10:46:24
INV000905,PR0009,ST019,SUPERMARKET,500,215,50,508,6,2025-10-13 10:46:24
INV000906,PR0393,ST017,METRO,152,152,34,342,25,2025-09-16 10:46:24
INV000907,PR0119,ST015,FRESH,154,128,32,419,20,2025-09-24 10:46:24
INV000908,PR0304,ST007,FRESH,413,135,17,349,12,2025-08-03 10:46:24
INV000909,PR0430,ST005,METRO,407,274,32,649,20,2025-07-30 10:46:24
INV000910,PR0392,ST019,SUPERMARKET,91,61,44,750,5,2025-10-14 10:46:24
INV000911,PR0376,ST011,FRESH,11,9,13,695,17,2025-08-05 10:46:24
INV000912,PR0012,ST005,METRO,405,245,20,292,22,2025-07-30 10:46:24
INV000913,PR0466,ST019,SUPERMARKET,160,2,46,928,8,2025-10-17 10:46:24
INV000914,PR0488,ST002,FRESH,127,114,46,531,10,2025-08-28 10:46:24
INV000915,PR0281,ST005,METRO,15,3,45,422,21,2025-08-10 10:46:24
INV000916,PR0145,ST008,SUPERMARKET,125,27,31,408,27,2025-10-07 10:46:24
INV000917,PR0478,ST017,METRO,90,75,18,346,29,2025-09-17 10:46:24
INV000918,PR0359,ST023,FRESH,132,17,31,603,21,2025-10-03 10:46:24
INV000919,PR0213,ST016,FRESH,0,0,18,869,16,2025-08-14 10:46:24
INV000920,PR0167,ST009,METRO,383,379,47,357,5,2025-08-30 10:46:24
INV000921,PR0397,ST020,FRESH,372,134,24,418,23,2025-10-16 10:46:24
INV000922,PR0378,ST015,FRESH,347,63,48,524,30,2025-10-03 10:46:24
INV000923,PR0082,ST021,SUPERMARKET,90,4,24,970,24,2025-10-15 10:46:24
INV000924,PR0072,ST014,METRO,143,123,35,339,21,2025-07-19 10:46:24
INV000925,PR0433,ST019,SUPERMARKET,277,125,44,300,24,2025-09-23 10:46:24
INV000926,PR0212,ST017,METRO,143,106,20,969,15,2025-09-23 10:46:24
INV000927,PR0230,ST018,METRO,15,1,33,463,5,2025-07-19 10:46:24
INV000928,PR0263,ST003,SUPERMARKET,430,423,28,796,13,2025-08-25 10:46:24
INV000929,PR0228,ST002,FRESH,6,3,49,913,25,2025-10-11 10:46:24
INV000930,PR0426,ST021,SUPERMARKET,79,10,15,283,11,2025-09-06 10:46:24
INV000931,PR0023,ST002,FRESH,259,43,39,232,15,2025-08-22 10:46:24
INV000932,PR0092,ST021,SUPERMARKET,43,22,16,545,12,2025-08-12 10:46:24
INV000933,PR0041,ST023,FRESH,94,14,39,762,13,2025-08-19 10:46:24
INV000934,PR0177,ST019,SUPERMARKET,348,139,28,767,18,2025-08-13 10:46:24
INV000935,PR0105,ST005,METRO,21,5,15,431,15,2025-08-22 10:46:24
INV000936,PR0324,ST002,FRESH,403,284,21,769,10,2025-09-19 10:46:24
INV000937,PR0048,ST003,SUPERMARKET,307,95,13,584,27,2025-07-29 10:46:24
INV000938,PR0055,ST001,SUPERMARKET,293,147,16,239,28,2025-07-20 10:46:24
INV000939,PR0213,ST020,FRESH,122,113,42,562,20,2025-07-28 10:46:24
INV000940,PR0040,ST005,METRO,285,167,22,753,16,2025-10-06 10:46:24
INV000941,PR0139,ST019,SUPERMARKET,56,53,36,488,5,2025-08-21 10:46:24
INV000942,PR0471,ST007,FRESH,155,32,47,669,24,2025-07-21 10:46:24
INV000943,PR0451,ST011,FRESH,424,292,13,353,21,2025-09-19 10:46:24
INV000944,PR0031,ST023,FRESH,63,33,19,675,6,2025-08-24 10:46:24
INV000945,PR0223,ST011,FRESH,375,47,29,806,9,2025-08-26 10:46:24
INV000946,PR0238,ST005,METRO,376,198,49,763,6,2025-07-29 10:46:24
INV000947,PR0247,ST011,FRESH,460,10,22,368,28,2025-09-12 10:46:24
INV000948,PR0266,ST001,SUPERMARKET,66,41,40,456,17,2025-08-05 10:46:24
INV000949,PR0124,ST005,METRO,201,194,49,369,15,2025-09-03 10:46:24
INV000950,PR0351,ST006,METRO,376,210,42,474,21,2025-10-05 10:46:24
INV000951,PR0207,ST008,SUPERMARKET,421,103,24,908,24,2025-07-28 10:46:24
INV000952,PR0340,ST002,FRESH,192,155,12,226,12,2025-08-23 10:46:24
INV000953,PR0042,ST015,FRESH,114,72,36,684,12,2025-10-12 10:46:24
INV000954,PR0384,ST003,SUPERMARKET,245,181,27,334,26,2025-09-29 10:46:24
INV000955,PR0050,ST019,SUPERMARKET,115,88,27,311,26,2025-09-01 10:46:24
INV000956,PR0464,ST011,FRESH,300,103,32,695,26,2025-08-21 10:46:24
INV000957,PR0105,ST005,METRO,349,165,36,209,13,2025-07-19 10:46:24
INV000958,PR0041,ST017,METRO,417,99,30,207,15,2025-09-21 10:46:24
INV000959,PR0072,ST025,FRESH,121,71,30,977,21,2025-08-01 10:46:24
INV000960,PR0308,ST009,METRO,216,98,41,745,20,2025-09-07 10:46:24
INV000961,PR0037,ST004,SUPERMARKET,275,33,37,426,10,2025-09-09 10:46:24
INV000962,PR0247,ST011,FRESH,106,29,40,476,8,2025-07-19 10:46:24
INV000963,PR0163,ST013,METRO,243,34,33,475,14,2025-07-28 10:46:24
INV000964,PR0340,ST008,SUPERMARKET,29,11,39,376,27,2025-08-17 10:46:24
INV000965,PR0090,ST015,FRESH,261,24,17,813,14,2025-09-22 10:46:24
INV000966,PR0008,ST016,FRESH,99,21,18,410,28,2025-08-20 10:46:24
INV000967,PR0078,ST005,METRO,237,175,44,630,12,2025-08-15 10:46:24
INV000968,PR0042,ST013,METRO,50,37,14,988,17,2025-07-19 10:46:24
INV000969,PR0469,ST017,METRO,29,15,29,588,28,2025-08-18 10:46:24
INV000970,PR0448,ST023,FRESH,86,11,44,551,17,2025-09-19 10:46:24
INV000971,PR0207,ST004,SUPERMARKET,397,66,11,286,13,2025-09-22 10:46:24
INV000972,PR0249,ST017,METRO,88,68,48,579,21,2025-09-17 10:46:24
INV000973,PR0004,ST004,SUPERMARKET,269,171,19,307,6,2025-10-11 10:46:24
INV000974,PR0197,ST014,METRO,293,232,34,401,13,2025-08-17 10:46:24
INV000975,PR0269,ST002,FRESH,174,103,11,571,15,2025-08-30 10:46:24
INV000976,PR0116,ST020,FRESH,21,8,15,712,20,2025-09-16 10:46:24
INV000977,PR0224,ST022,METRO,10,3,24,432,7,2025-08-13 10:46:24
INV000978,PR0170,ST003,SUPERMARKET,466,358,25,767,13,2025-08-14 10:46:24
INV000979,PR0332,ST023,FRESH,23,21,32,717,19,2025-09-02 10:46:24
INV000980,PR0088,ST017,METRO,381,343,24,882,22,2025-07-21 10:46:24
INV000981,PR0416,ST024,FRESH,487,302,42,618,28,2025-07-30 10:46:24
INV000982,PR0172,ST003,SUPERMARKET,76,1,25,778,10,2025-07-27 10:46:24
INV000983,PR0152,ST018,METRO,325,191,26,992,9,2025-08-15 10:46:24
INV000984,PR0107,ST003,SUPERMARKET,442,40,19,334,17,2025-09-15 10:46:24
INV000985,PR0402,ST024,FRESH,322,207,20,507,26,2025-10-16 10:46:24
INV000986,PR0260,ST018,METRO,99,17,12,526,10,2025-08-24 10:46:24
INV000987,PR0134,ST011,FRESH,35,20,37,828,25,2025-09-21 10:46:24
INV000988,PR0097,ST019,SUPERMARKET,444,251,10,795,11,2025-08-27 10:46:24
INV000989,PR0235,ST021,SUPERMARKET,392,190,49,317,23,2025-08-19 10:46:24
INV000990,PR0125,ST022,METRO,460,327,40,309,13,2025-10-06 10:46:24
INV000991,PR0299,ST003,SUPERMARKET,424,153,38,694,8,2025-09-22 10:46:24
INV000992,PR0192,ST018,METRO,4,3,28,518,8,2025-09-25 10:46:24
INV000993,PR0087,ST014,METRO,493,476,45,371,22,2025-08-05 10:46:24
INV000994,PR0406,ST020,FRESH,118,94,22,244,5,2025-09-13 10:46:24
INV000995,PR0483,ST019,SUPERMARKET,62,9,25,620,19,2025-08-06 10:46:24
INV000996,PR0038,ST006,METRO,386,252,26,691,10,2025-09-12 10:46:24
INV000997,PR0473,ST011,FRESH,248,221,29,593,29,2025-08-18 10:46:24
INV000998,PR0016,ST004,SUPERMARKET,319,149,46,753,10,2025-08-27 10:46:24
INV000999,PR0342,ST020,FRESH,324,61,31,419,28,2025-08-02 10:46:24
INV001000,PR0407,ST012,SUPERMARKET,500,60,49,564,21,2025-09-12 10:46:24
